SampleID,Water_Temp_C,pH,Ammonium_N_mgL,Biomass_Status,Ensifer_adhaerens,Bacillus_megaterium,Pseudomonas_fluorescens,Azospirillum_brasilense,Rhizobium_sp,Aeromonas_hydrophila,Pseudomonas_aeruginosa,Flavobacterium_columnare,Chryseobacterium_sp,Elizabethkingia_sp,Sphingomonas_sp,Microbacterium_sp,Diversity_Index
WGL_433,26.2,8.26,12.54,0,0.02304539419121912,0.0001,0.013057963289064296,0.03678117262906634,0.03754317498794785,0.05604066145024257,0.03548868366616927,0.014860481677200915,0.005927832368261957,0.022040922289205157,0.051711942441593745,0.07020083494828973,2.31
WGL_329,25.1,8.4,17.6,0,0.004974590689224448,0.01757616541716533,0.010899776055642118,0.006963486740936262,0.03100571478181257,0.03578435926658984,0.0328849329145304,0.01770815241744633,0.07194375613141651,0.06888944455538581,0.06611843732133477,0.0014050968077822037,1.45
WGL_205,24.4,7.62,18.12,1,0.0001,0.0031361242510094187,0.0001,0.00841291812955051,0.0001,0.055323668179779836,0.03953081635089979,0.03287104138677257,0.04733911532159594,0.05128296124055143,0.030920567085455854,0.059639000541955825,1.87
WGL_217,21.5,7.12,8.71,1,0.05012633870997746,0.03797998217287934,0.016172395743740048,0.029328047507892415,0.06754361448889068,0.028349409173190315,0.010618725761538467,0.0001,0.0001,0.0001,0.001,0.05230266927735801,2.4
WGL_201,26.8,7.49,15.63,1,0.0001,0.026739807952387864,0.014276273142259734,0.02724982631742734,0.045501077853818475,0.03474972095685491,0.04876044342152488,0.025936009225504937,0.05101861554947911,0.05054267728427102,0.04067427490082169,0.08274270831019881,1.71
WGL_269,28.0,7.78,9.65,0,0.02269546268901875,0.01060151946430869,0.017666336893627326,0.0001,0.01974622079885424,0.07465565481912076,0.0001,0.02889972603570643,0.03385788719433551,0.030368876661630878,0.08688833992321911,0.06135550986633355,1.59
WGL_236,23.3,6.74,8.35,0,0.04928309173296666,0.0001,0.07344384399283305,0.031582001087067,0.03328556548275982,0.0001,0.0480918010725585,0.006453620253116497,0.0001,0.023449007032732016,0.010820504876383485,0.05217132614024793,2.54
WGL_403,26.2,8.88,11.79,0,0.039480911486395445,0.047122172010746824,0.03446578165073125,0.004178296530165781,0.07633986059560466,0.045077214537353236,0.059224190507775276,0.0944698112328801,0.10097137388331708,0.025237736627029387,0.0775644974066131,0.024076905394469793,1.93
WGL_297,22.6,6.89,12.04,0,0.014793772474138597,0.0001,0.05422147992330126,0.05849834591151429,0.012605516755013037,0.052224143930384374,0.05291846603027113,0.0001,0.0001,0.08575344801060902,0.0929107130937219,0.06651779680943935,2.01
WGL_083,28.1,6.34,12.79,1,0.07172041837008705,0.06680915250617535,0.00834867750560988,0.018867449646599758,0.029982241152907492,0.02256357239852492,0.020369773038591187,0.03305098516340334,0.0001,0.01635139155634182,0.066216401256576,0.08355872118364915,2.18
WGL_142,22.6,7.02,12.02,1,0.06559647061176536,0.042973082018238296,0.045462362467126205,0.046814837050337406,0.0854062771175077,0.0001,0.045756744062384065,0.0001,0.0001,0.0001,0.04006746345781364,0.027797654543613246,2.83
WGL_410,25.1,7.38,19.71,0,0.004243223220415119,0.007903375351722662,0.0001,0.0001,0.008767465919220433,0.03659860276022134,0.055861685242226185,0.05560625206014602,0.07855878291771895,0.046579691973393254,0.1234519642935287,0.06172385646607622,2.34
WGL_147,28.8,6.66,4.94,1,0.05131126708923956,0.05527744298442103,0.05467864402105654,0.058773431847268846,0.005134663629361012,0.02868336575971142,0.009563036142643047,0.0001,0.032509962494071454,0.01380972012517515,0.05499788271111104,0.01955858425000078,1.86
WGL_052,33.3,7.24,7.9,1,0.0831027176155032,0.05064988430644241,0.06864344854891676,0.0001,0.003010175385797134,0.0001,0.02517711361467296,0.011524833280145825,0.0001,0.0001,0.02283426301982295,0.01216552869601386,2.47
WGL_166,30.5,7.35,19.7,1,0.03418993981403447,0.0001,0.0001,0.000801690993464773,0.012812590363690344,0.019685848568733406,0.05936296243575795,0.051749989123090104,0.0620828671120623,0.036879135016966526,0.026807227037898146,0.05215631659631943,1.24
WGL_271,26.0,7.79,15.42,0,0.0001,0.0001,0.030052914419102864,0.011763613551312715,0.058237006861291574,0.0416203624211635,0.02101110914659497,0.08322151948747297,0.013383349824431526,0.007960903540646002,0.0010102682005059746,0.07914553570044416,2.11
WGL_265,27.0,7.37,6.64,0,0.0001,0.055685337748603084,0.02645218726610643,0.010613008749676599,0.030659731442825394,0.05802491154770735,0.014574203730679837,0.08419778882994342,0.030754961108001525,0.008692599054530518,0.08257434492132079,0.0724729705957083,1.73
WGL_382,28.2,7.37,9.3,0,0.05160565703643161,0.05061992462857236,0.015573048753916631,0.04552134094436716,0.030628401373348033,0.029405098472667642,0.08782759461340484,0.056018085419431346,0.047525926891874994,0.04331601931215425,0.06056041962351475,0.0633504736907344,1.83
WGL_066,26.3,5.27,11.19,1,0.07600108231673801,0.046461025814579185,0.03614454712424468,0.07910114203289917,0.029206798755424146,0.037827854472642614,0.023839950457051264,0.020920395825859386,0.023564887386015185,0.014767662179703493,0.007188233777711266,0.06148658720937598,2.89
WGL_290,31.1,7.09,11.12,0,0.01388653958020955,0.004067937840245759,0.005205873595486101,0.0001,0.0001,0.014120403267336316,0.026613081729991342,0.015211275181570897,0.01334554162966468,0.0001,0.0683078014019228,0.04902218790021257,1.67
WGL_424,27.8,7.36,15.13,0,0.005709108474996632,0.020938438286731545,0.0001,0.0001,0.0015928729636208484,0.028435612631247872,0.00010397095303237014,0.005093918620972481,0.06105400554939343,0.057363981257391464,0.08610536068024296,0.0724483770276022,2.11
WGL_448,23.4,7.4,11.14,0,0.01138284267189917,0.047734109285032494,0.017970460999732943,0.0001,0.020852723040217007,0.062248267985854935,0.04818428172188326,0.05075452247423502,0.0001,0.05157465624024865,0.02373988588651644,0.0022808299167619214,1.83
WGL_387,28.4,6.93,19.87,0,0.005183359905521851,0.03527664420233321,0.0001,0.03866932573971525,0.01858914190270375,0.09356778508479727,0.025762643500661882,0.025872928108297423,0.0572702967005253,0.014320138180041093,0.05726841803842568,0.07427379625427584,1.5
WGL_354,24.0,7.48,11.0,0,0.015264587737025725,0.0001,0.0001,0.033101396812966054,0.028943945836882073,0.05137271858098062,0.025690424929179417,0.04199168148030907,0.0001,0.0017817123512108013,0.0501135749073926,0.010711989567111838,1.07
WGL_061,30.2,7.37,9.93,1,0.0001,0.07350962898434298,0.04649020225554912,0.0001,0.055515171465705754,0.06289440019369219,0.0340726889367495,0.030681290575626862,0.05323186330708098,0.07504505338413932,0.058212140289929507,0.06265232058404202,2.58
WGL_169,24.8,6.74,2.06,1,0.0749168908323377,0.058430490569626806,0.07997486197125356,0.034536570117169596,0.09081978524800324,0.03277656467196911,0.011681025549230766,0.03427585002991706,0.03313494839833425,0.007874736843025271,0.057111033957611,0.055621100596081274,2.87
WGL_115,29.6,7.01,7.75,1,0.07884570679039467,0.08136324008272043,0.021025150113532363,0.03579546104351478,0.04005483880218601,0.011893733894869961,0.0001,0.0001,0.00801082103638104,0.0001,0.0014171539913563694,0.019301674972275855,2.93
WGL_296,28.7,6.94,19.57,0,0.006740726070434937,0.012467623962960254,0.006743677385287148,0.04984529099394749,0.017097180664017025,0.1091500392475502,0.07156240918285865,0.006115884561264329,0.03149923921404352,0.056536976582187766,0.06433865133473265,0.0588861108617365,1.83
WGL_430,30.3,7.75,17.8,0,0.02897891913539092,0.023966455915644336,0.03192747366358733,0.0001,0.041741346005788535,0.055056288854480426,0.047584045519686265,0.04037182202235312,0.005756256733974306,0.01841481323728856,0.001,0.025826365072380456,1.57
WGL_396,28.9,6.27,14.74,0,0.00604885782441163,0.0029353277783694363,0.04350096260173655,0.0001,0.0001,0.047632014300788145,0.04773908205454577,0.01801150557744352,0.013390285581296683,0.01212744653566954,0.05007614256042682,0.053162487772103376,2.11
WGL_353,24.2,7.7,15.74,0,0.010290068959672816,0.0001,0.007074682516738604,0.0001,0.019661841935872143,0.01629864146688231,0.10057440347993646,0.0839223474073261,0.028944943188945436,0.03654381164531692,0.04465690219502305,0.014378899520950162,1.08
WGL_274,23.0,8.02,6.63,0,0.0001,0.007983208626501169,0.04641404046224809,0.02579952519652769,0.005901101459487192,0.008561096397790874,0.06680810430388401,0.03563013713563508,0.042284125310313926,0.02507810183960328,0.024594623634500153,0.059691937775919426,1.84
WGL_149,27.3,7.29,4.61,1,0.0001,0.0001,0.04947437087365507,0.0018469192328054787,0.0001,0.04940121274044237,0.028352052986649962,0.02801874664035706,0.026092387441209328,0.04187729441345244,0.030442406212081743,0.05836027344365079,1.56
WGL_053,24.2,6.78,12.48,1,0.08596622781189046,0.08000837271240098,0.060698213317589365,0.049947690297397054,0.05616806123538731,0.0001,0.03622771107204628,0.018091307941723977,0.04425292791492828,0.0001,0.02863683174618588,0.06950720329625092,2.28
WGL_348,27.0,6.64,13.64,0,0.023054912445612787,0.0001,0.023090023686848673,0.06029962045472348,0.00685917709861163,0.0001,0.06208897146467144,0.07682623097890226,0.0276284422719859,0.035160890878605244,0.07686663565804328,0.05774391443857935,1.37
WGL_090,22.5,6.94,11.55,1,0.056773781572772616,0.02611981239217126,0.007103478839040889,0.08024414152774335,0.01902307624657867,0.026506241749482646,0.0001,0.013889645594493467,0.0001,0.0001,0.04233660367173626,0.055833749139209035,1.77
WGL_031,28.0,7.24,8.25,1,0.07059040509443625,0.048112981338551235,0.020926963334707716,0.04554038051401936,0.0001,0.015500778880084871,0.012949490203795076,0.0035627307563973667,0.0001,0.0001,0.0011723401543833334,0.005316741940685807,1.66
WGL_163,27.5,6.2,8.54,1,0.08383368390867159,0.015182039809925333,0.060752819836498544,0.05385006709325645,0.08396012532667285,0.0001,0.05576833171200365,0.0001,0.0001,0.005760242187561423,0.052179863001622,0.03252018960754188,2.63
WGL_032,23.9,6.25,5.8,1,0.06895482830754528,0.009086902797034759,0.08693661264013142,0.01757831827026824,0.014522513188957576,0.019693954241386445,0.04626460890493652,0.04509940120980638,0.0001,0.01838570056121442,0.044478863484552066,0.0558968347452143,2.7
WGL_426,23.2,7.31,10.84,0,0.015175849141780034,0.03195617926372828,0.0001,0.02215097097288556,0.0001,0.02315195653459833,0.019123306923635595,0.029215915878866367,0.014808005428828031,0.013091349911336696,0.02972239502621364,0.002342774628483514,2.34
WGL_421,23.5,6.3,5.11,0,0.029712234793574297,0.017865577138573247,0.04526334032329594,0.044856318540916706,0.0001,0.07435092637565921,0.048803917726862225,0.05178224267273697,0.003100380567528885,0.05422623486427977,0.019329580384672678,0.001,1.8
WGL_440,23.9,8.15,26.67,0,0.025991463841439036,0.03287522550667651,0.004571468047362186,0.0001,0.008010511346225503,0.06487390044682326,0.042901208847720945,0.0001,0.051730702541085236,0.01772780725582508,0.06431879574243571,0.04029480165339872,1.31
WGL_369,33.2,7.02,10.43,0,0.01689591275953381,0.007839212159664538,0.04263702632317899,0.0001,0.0001,0.035495308687374924,0.039335900635560236,0.04764126635878082,0.10197255236059177,0.02885325558133072,0.020035472508423705,0.0018476448304768842,1.26
WGL_293,27.6,6.2,13.58,0,0.015509226512834536,0.03723190803266035,0.0035358043053884784,0.07009886295849932,0.0001,0.046911433651799596,0.014126755528809994,0.051438607956407895,0.03498163083083833,0.04020271814863785,0.0354110044117689,0.062410843799925286,1.47
WGL_328,31.0,7.08,20.4,0,0.019648439216901552,0.005451686021473131,0.02709882395679678,0.08384308810574542,0.0001,0.025356738142382117,0.031772994148419775,0.03924862262436813,0.03361859810316324,0.0757201624020861,0.03410100847007895,0.05949455244785148,1.45
WGL_112,28.4,7.31,13.02,1,0.07095215058048401,0.02234498275422024,0.059130024993722725,0.08346057610515026,0.020274719661910523,0.05904950164164374,0.05130502433764491,0.003765579370586896,0.0001,0.0001,0.027431133898724872,0.053937115872440086,1.9
WGL_057,25.2,7.57,8.93,1,0.08565128821997835,0.03213155640315827,0.0001,0.06893055187115936,0.057187912537482566,0.01067367942611705,0.009476727564571083,0.057460077229262815,0.05057341071833739,0.0001,0.06665404006834041,0.05607195729290696,2.85
WGL_406,24.6,7.24,14.97,0,0.003048792619625214,0.015838623412581444,0.01613133787874746,0.03530589648575675,0.038363966822504134,0.05828932059693774,0.05250143493879758,0.01067443766776002,0.02188408274563136,0.04246659091871498,0.041309868928509255,0.0652550914999794,1.08
WGL_003,25.9,6.03,13.02,1,0.052448440855061895,0.025770474945444457,0.0001,0.020826527437834967,0.08633115099787338,0.0001,0.04924753045438334,0.059704037360053294,0.0001,0.0001,0.060542381265287104,0.04643970608970705,3.34
WGL_228,31.0,7.41,10.69,0,0.019310962204330075,0.0001,0.07065571773734249,0.02783512248782958,0.0001,0.01305502119627772,0.030024645855070115,0.021800520519958774,0.04328720030204482,0.05172289973328689,0.070049774048794,0.05617169875305145,1.25
WGL_327,29.6,7.54,16.97,0,0.007506473992706277,0.0004349427499069254,0.05290908926891129,0.0001,0.06663188141051915,0.050950970085923086,0.038156271687767175,0.044678452746263114,0.07136776870965644,0.04277127249353638,0.001,0.11018785493641012,1.51
WGL_445,22.7,7.13,20.37,0,0.006117174422113837,0.06349944411849955,0.0001,0.012914614550052371,0.010625798609736045,0.0516237054603464,0.05126797086393015,0.04295307832237832,0.01710923298169452,0.0001,0.07396119272324031,0.033298684998972775,1.72
WGL_203,20.2,6.72,10.22,1,0.0844615905477107,0.020959833473975308,0.08001717901889385,0.0001,0.0025108172394496253,0.0397753335204695,0.03210968220258637,0.0191738643534251,0.04513140035440251,0.035460629801175564,0.02103543952247907,0.05199081356150635,2.64
WGL_295,23.9,7.37,10.25,0,0.03473762368916705,0.0001,0.07649020268328818,0.0001,0.023980795274355475,0.005214080456391344,0.03678319902678186,0.033348314843577004,0.05482853485703665,0.04163129328709699,0.02724115316221168,0.004376415585350728,2.08
WGL_110,28.1,7.19,3.99,1,0.0834242389084989,0.012036694659923429,0.08964217291358817,0.04751793615244368,0.040697193542635464,0.00600111463748749,0.007589062786131993,0.010475612406773596,0.0001,0.02906933809738702,0.04618234269304788,0.06056323746591831,2.55
WGL_281,26.4,6.47,25.25,0,0.04061048339495754,0.04788678965924768,0.03011035110090476,0.053538480662203666,0.013994921113172416,0.06455606521395647,0.0722493256254453,0.042972807891862086,0.02534168856991613,0.022864505526425147,0.02137583168373722,0.03016647418362956,1.4
WGL_394,27.8,6.79,19.08,0,0.015022384507520518,0.03655308209970115,0.023180813742310957,0.05399239848931503,0.039618445148299826,0.016599198225855396,0.020449782023759473,0.014337138489523869,0.051529371814633504,0.04528668470929169,0.048573824278260916,0.03346327776618562,1.42
WGL_338,23.6,8.12,13.47,0,0.026254252305509616,0.0360772324803407,0.017828582854550426,0.04478673985472299,0.029458733851096278,0.03560291701212917,0.03428169028224118,0.017314690145800452,0.03912474766674024,0.0255415378625959,0.07272326581150856,0.03102820331064537,1.26
WGL_207,29.2,7.05,16.1,1,0.054161760014598534,0.03622012317941779,0.02097723093447844,0.06268719765877571,0.04712291653100244,0.014958610798546615,0.01964819355137678,0.010077623282598069,0.0001,0.0044050329915751515,0.05881078495381148,0.04957577724039364,2.82
WGL_411,27.3,7.19,15.18,0,0.0001,0.012532175447310012,0.07009660626507422,0.023244230338781563,0.003927258525813739,0.05344641008255685,0.02147077705780302,0.01568946245977196,0.039334004574233125,0.040732080420527436,0.057023290386937674,0.04439372697873242,2.29
WGL_081,29.1,6.81,7.33,1,0.06271747463577937,0.011427554366126275,0.04066720050271769,0.049916846192008764,0.015444194208833195,0.044273343488601694,0.0001,0.0001,0.0001,0.01667158251901364,0.06764780385353746,0.03370905140789476,2.2
WGL_435,26.2,8.11,29.28,0,0.013425198198752925,0.03444435401543725,0.0001,0.07975662376620253,0.0001,0.06644511459494146,0.0690311817149821,0.0714524873715186,0.023341062203458218,0.04093515449642863,0.03682581919180989,0.04032356903628304,1.53
WGL_400,25.9,7.53,8.81,0,0.07951919808251849,0.059725136467426054,0.04390168472800117,0.056230140757176306,0.09556289031751755,0.03974447486956055,0.0001,0.0001,0.0001,0.0001,0.001,0.009972374923810708,2.23
WGL_221,27.4,7.92,6.16,1,0.11185953928521748,0.03849109125618153,0.09918323172294588,0.09806181657686493,0.002957414583781008,0.03334213492473716,0.00994428706565599,0.019336738663649662,0.015951562149840295,0.027210584054576704,0.001,0.04527971694192587,2.71
WGL_027,30.1,7.35,10.31,1,0.08134888137539208,0.032866899638636954,0.0001,0.0001,0.057365814845705236,0.021773630627774026,0.028220884892170166,0.008018100290301169,0.04035734316380955,0.0001,0.04260457342598012,0.07381786455670944,2.23
WGL_385,28.3,7.77,9.53,0,0.04559419161852722,0.014132315359716985,0.0001,0.03716444700264204,0.022881469650220487,0.01174089631070862,0.021933989897557897,0.03293241147171274,0.051098421614248046,0.017757333094571608,0.03097658564710354,0.0643681764566783,2.04
WGL_237,25.5,5.85,22.36,0,0.03433159399725631,0.00993631982584326,0.03327536974967717,0.066478326578716,0.04535529671199066,0.01789347525604263,0.033741038324774396,0.06715133135240797,0.07599028730703113,0.044142677846681674,0.04512578708445628,0.0677566596102154,2.03
WGL_119,29.4,6.45,11.21,1,0.08119247147935799,0.0001,0.020788495622981528,0.002837332268644771,0.05148298244147628,0.042637996501896036,0.0001,0.017932984329150713,0.004587800616108283,0.05772700961256426,0.001,0.060146371013328995,2.72
WGL_148,32.1,7.84,8.13,1,0.054215587206128873,0.05902234765255787,0.03171522584387064,0.05323237737853122,0.0007343265288300774,0.04252680103944334,0.05125805163874922,0.0001,0.0001,0.0001,0.06509689924495062,0.001,2.72
WGL_214,25.4,7.71,16.45,1,0.03379349515986463,0.023281073434072822,0.0001,0.0001,0.010515495597221806,0.04945302580616827,0.005731135600200228,0.031100600194650874,0.034671901626026194,0.016146174137793116,0.03551021949572385,0.1091702421567374,1.71
WGL_015,22.5,7.71,9.28,1,0.07650094617193218,0.05590748620449023,0.05863910166766932,0.031263574399164114,0.02055440885454247,0.04364535444591991,0.0001,0.0001,0.02798220289210253,0.0001,0.08474694519613508,0.020238266237001677,2.84
WGL_175,26.7,8.35,15.11,1,0.0001,0.04474510000073918,0.023329337173070668,0.01879965019062418,0.03592840137300725,0.06865690064574653,0.0001,0.03679257156174111,0.006980543930147808,0.022817932840542593,0.024665349441496925,0.06341004062848457,2.07
WGL_218,32.4,6.98,12.22,1,0.005181575894142877,0.022764286214355386,0.0001,0.06025443473180915,0.038859182486125896,0.0343093150331345,0.03306151907830543,0.047794838037085854,0.04087573238392359,0.01961000205065038,0.035021534891253356,0.050174050476403484,1.49
WGL_004,27.3,7.03,8.6,1,0.06942942586940015,0.004821022951004485,0.05404547544906914,0.03715673648680318,0.07379257767032033,0.0027795382888038418,0.0001,0.009509734202628389,0.05448843241866702,0.002414421926712186,0.01330429416937752,0.004192242332254514,2.18
WGL_377,30.9,7.32,17.58,0,0.031492828981451795,0.0001,0.03658930063760094,0.0001,0.0001,0.0001,0.030467661107750017,0.07042118754847997,0.09410205176632658,0.01185519773652479,0.022164430441460506,0.043884121471485446,2.06
WGL_238,21.0,6.44,9.08,0,0.02927298520140171,0.026406658369322582,0.03505758027532416,0.02587170291462089,0.02317197395387032,0.06980352858576652,0.13095502524673466,0.046699159935347824,0.06448080425424127,0.019360774888399636,0.087612111746796,0.043105977237147534,1.79
WGL_102,31.1,7.38,5.65,1,0.08549340352910047,0.03872774353736863,0.06852572129823746,0.0238730330846402,0.04733345270353705,0.025642814179142784,0.0001,0.0001,0.015197302510089921,0.0088396025229318,0.07047192869480459,0.04677948092631672,2.09
WGL_116,25.5,7.23,6.55,1,0.07069287280487588,0.01193335529553917,0.013034560560472006,0.05932850760248186,0.05319958439252552,0.0001,0.0001,0.07369302145728794,0.0001,0.0001,0.05298757946409853,0.014352786889125467,2.42
WGL_240,27.4,7.15,13.22,0,0.034576565721190236,0.08119266031110628,0.05351062323323665,0.013789624285212732,0.032098244508714284,0.06418739029925416,0.06731716312722506,0.06572779885318068,0.06318102343116407,0.04039610790121476,0.032050161413837944,0.001,2.24
WGL_165,31.2,6.32,9.31,1,0.052627119749216834,0.08176233284247063,0.02141492797763917,0.010806779193406238,0.04998636601517753,0.036107088603808325,0.0001,0.012723067805106725,0.03725934511469077,0.0001,0.05652508966438882,0.09192468223284037,2.15
WGL_320,29.2,7.39,8.93,0,0.0001,0.0001,0.0001,0.012551869739815397,0.034211661900140564,0.037884687922976085,0.016717833839147107,0.024005632989987823,0.03232189900989864,0.043799005502586814,0.04765288913179844,0.06441432353572567,0.73
WGL_121,31.3,6.36,9.55,1,0.07540167991182568,0.06464555378261463,0.05487973855031917,0.04203719365808773,0.0027278329457336714,0.0001,0.0001,0.030780387734352713,0.0001,0.0001,0.001,0.06367370374842256,2.54
WGL_302,27.3,7.92,14.36,0,0.021637043789112766,0.030107591606808225,0.03701885315780451,0.0001,0.06541324633039246,0.04944762517414771,0.028769338266488507,0.02817428692287969,0.02911776806789574,0.047489783247406644,0.0055567502006450276,0.0032325925716927967,1.06
WGL_249,23.2,7.42,11.99,0,0.05211321127121275,0.03200520258267874,0.04987840755407462,0.0001,0.0001,0.032876988026302054,0.0001,0.0042061820102922256,0.0005107366495475246,0.038578273959598716,0.001,0.022318162256392687,2.27
WGL_139,28.3,6.96,11.53,1,0.06722925801146339,0.04549149075184863,0.03928191658153967,0.02641254531911882,0.0001,0.02550862684052487,0.03974620491586262,0.0001,0.0028480794911687236,0.006601837833906637,0.08841656382895753,0.02206441039207459,2.03
WGL_029,29.7,7.73,9.41,1,0.08346829755813043,0.050752625193017646,0.0254811698543903,0.06115575168662173,0.02238036864704185,0.0001,0.021543670883753828,0.045866438366915924,0.037117083924995575,0.026877166328723837,0.051119498341764505,0.0077069274139479615,2.5
WGL_042,26.9,7.21,12.36,1,0.0627985316132553,0.026995138513617373,0.027598611653357634,0.06513765499484005,0.002758459208797616,0.009178077521280912,0.0001,0.01871371225288827,0.0001,0.02140400496006999,0.025100592604794608,0.033278850825911296,2.81
WGL_416,23.7,6.79,9.85,0,0.01056514422489918,0.0001,0.0001,0.03218339568338084,0.027222093053600592,0.05106734171137814,0.05967922055878129,0.03607714493458064,0.07391523229211328,0.024984838554348618,0.038171273444627264,0.07683334879935613,1.88
WGL_023,31.8,7.2,12.99,1,0.07615305633430883,0.05183064233953738,0.014510905019269466,0.10953986232970067,0.03534764681692343,0.017916173255857034,0.007931191845037083,0.0001,0.0001,0.006342206166567304,0.001,0.022966496085940244,2.59
WGL_414,30.9,6.85,10.75,0,0.011547527526980766,0.011753147521279253,0.015357022395256529,0.0687871104531065,0.02464445553855183,0.032761206123632994,0.03302590203641321,0.0032644099019667958,0.05139264585881935,0.015410987925919405,0.14171078698532805,0.05340557089557128,1.43
WGL_033,25.6,6.81,10.59,1,0.1282801600937703,0.033016424120457674,0.07358670581453572,0.030037716437205545,0.007552619644342666,0.009723422408824844,0.004817416579820865,0.0001,0.01598416549448086,0.012495761227380955,0.0480501303379023,0.06577849301894811,2.39
WGL_133,26.8,6.32,8.39,1,0.03775284882763024,0.02561135036910732,0.03516142413961296,0.043336935115844306,0.08204737792738086,0.012503739830313032,0.03740356850199922,0.006360859724901974,0.015342132549379156,0.0055447012124920925,0.04451345521481803,0.04078873138463306,2.96
WGL_275,28.1,7.86,11.61,0,0.05853382965593247,0.0001,0.020340358750208374,0.04248496934431727,0.025935064311849824,0.023038152840609488,0.049389548060791724,0.07093834523537923,0.0308553212277475,0.018858946292986817,0.06403381149536533,0.10358742912645721,1.52
WGL_058,29.3,7.47,12.38,1,0.07806883466731018,0.064305981175096,0.00793781469188741,0.05930836344164937,0.058529449294236716,0.0022786442068814562,0.0001,0.010531067060111688,0.0001,0.020522017244529837,0.048841034752960893,0.011542971514506454,2.62
WGL_332,30.1,7.17,8.62,0,0.009979080646490269,0.057159363751179276,0.06584496339884613,0.042354293897630575,0.019204425220366434,0.04959729268755711,0.06820163956217168,0.009912549926017793,0.05349271546505835,0.01007609723134428,0.04774951146382369,0.06144623277350747,1.84
WGL_063,29.0,6.17,9.87,1,0.06490985362742488,0.0234162514694003,0.014281880686870804,0.0001,0.06586591630045133,0.0001,0.0001,0.03211050433950563,0.023003823672168026,0.0005638200561437611,0.029989330569298978,0.0375086569459555,2.81
WGL_130,27.5,7.63,8.19,1,0.03874242094441765,0.037218709785810856,0.05559566212094111,0.031006550318692545,0.025232090479985744,0.049903651203360655,0.007249481125095797,0.03938007889337185,0.016752694713417837,0.0001,0.01301260439035775,0.03181984302868307,2.74
WGL_308,28.6,6.86,17.35,0,0.013859835788955506,0.03793797880520534,0.0001,0.005733941650898853,0.005879775368287328,0.07146994590583644,0.01444580593656258,0.04308009707614273,0.02703257300084712,0.0001,0.022228423286328514,0.05545292694082549,1.59
WGL_085,31.4,6.91,6.31,1,0.03958682712845861,0.006521368693466638,0.008169608018999582,0.040301512717033014,0.05878972408078118,0.0001,0.013661659905694982,0.0001,0.0001,0.07438883195347555,0.025427873431818775,0.027814294750131946,3.02
WGL_051,25.2,7.13,0.46,1,0.07596519528203065,0.09700117602671585,0.06355361438697774,0.09445081408026462,0.05409541180161921,0.007903670642989299,0.0001,0.0024695327210030697,0.05118705075471046,0.012866193217587741,0.05439535435899464,0.06012202748598541,2.47
WGL_180,27.2,7.53,7.45,1,0.05723632855425578,0.020509834191260873,0.04462010748095152,0.09160866795722825,0.04226779755980993,0.012837203667646058,0.0001,0.019758154894748164,0.027101367451753774,0.0013675756904912347,0.038578310469564926,0.019609709412463622,2.89
WGL_371,27.5,7.94,14.9,0,0.011812759203240932,0.011632456185065223,0.04149483328300631,0.016550974162965967,0.04154677209984661,0.0030577030210780023,0.060023168835722174,0.06769609257867362,0.06840335829662317,0.015277966238624171,0.02702498663416151,0.06517929060641785,0.91
WGL_160,28.9,7.26,12.01,1,0.07206585792075962,0.05870527456767302,0.019997211275348654,0.05077679230592123,0.052376410502725526,0.0001,0.0001,0.0001,0.07612099100987027,0.009538149356658653,0.02088681169159632,0.04314110134649778,3.04
WGL_156,24.1,7.02,2.08,1,0.10925431511130294,0.055756801619143384,0.05585538691428013,0.048089618758978186,0.01598859182952525,0.011842462660211706,0.0001,0.0019487597774010407,0.022830272316121863,0.0001,0.09192637418068564,0.010863326192767135,2.97
WGL_164,28.9,7.39,2.31,1,0.08039475224732741,0.09867838268736548,0.01832003129873672,0.06933303886292103,0.03865114148218339,0.03288506194883199,0.0001,0.0001,0.0009052506645715538,0.002510168652045546,0.021882270799891905,0.013182526955195634,3.03
WGL_262,20.8,7.24,16.3,0,0.0001,0.06329677514382039,0.003854619556192096,0.05589650811022408,0.012622274587824812,0.05582174069706049,0.03936839929762686,0.09314804499576111,0.041076946953615454,0.05458024103259709,0.06045347850297732,0.04462802407132624,1.55
WGL_418,25.1,6.78,19.76,0,0.0001,0.007710903548405217,0.08293091910308609,0.03105910028872183,0.02138277775231029,0.03484942179827739,0.015146554001444466,0.0441250090629333,0.05632691790174979,0.00921633921638769,0.02654611934136864,0.08708281595193651,1.53
WGL_355,31.2,7.04,14.32,0,0.0001,0.051207022765381915,0.021447155485334227,0.08278856928050356,0.007660041126475612,0.0528790602548895,0.05978777534160562,0.09492738722031502,0.035763069174056666,0.08468609978471107,0.055043883408550716,0.08750516609567249,1.82
WGL_360,26.0,7.52,15.0,0,0.023366231127996153,0.0008509574981057783,0.018880397178458755,0.016239476220623494,0.0001,0.03943015214346809,0.0001,0.005249146947716065,0.019069480122869784,0.020145953036058255,0.059175338298610436,0.022692786528310402,2.54
WGL_449,25.6,6.55,17.48,0,0.028786685592701578,0.04555929638168295,0.0054752846127162184,0.005900275184032109,0.06950019303995433,0.014365952252190138,0.0001,0.03972503747094503,0.0583517662345331,0.03199261944099503,0.0853989562000283,0.09379596733244386,1.28
WGL_311,25.4,6.2,9.12,0,0.05985618350305459,0.029232006483191103,0.04525593927284308,0.0001,0.0133267427959421,0.02257402471975639,0.001096622699265519,0.0001,0.0001,0.0001,0.05637480343583066,0.0059071272087753285,3.03
WGL_097,25.0,6.82,8.46,1,0.08924009218443806,0.08203025319080352,0.03579116739033067,0.046146419697936265,0.0001,0.0001,0.05101369398044928,0.007019242144456504,0.0001,0.0036534042490912067,0.0187185418220773,0.0025529776965334053,2.44
WGL_323,31.5,7.29,12.27,0,0.0043368039427166055,0.042110561600298635,0.0063585691248293046,0.07112467709028718,0.014720690604272856,0.058916503151872995,0.054530378978643934,0.057298443801901425,0.012265174056280113,0.08175685815670561,0.03082519404953877,0.06391071927059505,1.82
WGL_099,22.2,7.17,7.07,1,0.09986195249463209,0.07178563028627459,0.016821357982294692,0.05805806705056607,0.01300636911097041,0.0001,0.004987942406422101,0.045933363416973,0.05167610305752743,0.009680473219732998,0.01212081140284509,0.09371183602119006,2.48
WGL_213,29.2,7.1,10.58,1,0.08097872369157344,0.02521856721400009,0.03733366049764313,0.05885555398712965,0.04535245216381823,0.054594050924285126,0.0001,0.0001,0.0026798158919632067,0.020869743400035834,0.021154998409924644,0.032411970928701704,2.9
WGL_188,27.0,5.66,9.71,1,0.09634125343388258,0.059483872777125295,0.012925528328283208,0.0001,0.07612168742191974,0.0001,0.004093934248933373,0.01680688645454908,0.0001,0.012282287208791563,0.08356168543385908,0.024441756517310346,3.35
WGL_288,23.5,7.58,14.51,0,0.012866603698837686,0.03226912260522385,0.005799457438500723,0.025454134098525018,0.0001,0.0584631374081313,0.03748504957623508,0.09873629327494027,0.034780429773009415,0.0001,0.08630704021551552,0.018045362687936915,1.14
WGL_014,26.4,7.63,13.89,1,0.043326233317070834,0.013854153873691977,0.015636925806823576,0.0001,0.020683339022575582,0.05707072346680499,0.023492608964840955,0.03375819343100931,0.04996391900449593,0.02682727127473271,0.024425880965553218,0.0691927945234061,1.75
WGL_405,22.9,7.26,15.07,0,0.011058330894251053,0.06763839661193768,0.03552112483324747,0.0001,0.005730272149838721,0.03928412933424,0.04762281430144456,0.07817060731869294,0.021639903095451978,0.0001,0.001,0.05281682581828141,1.41
WGL_428,25.4,7.89,10.08,0,0.06179504895275016,0.06817897196896891,0.06976358812704408,0.02337619565598101,0.0430094136948035,0.07216503427680784,0.011016504990209501,0.020547652812139848,0.08740470332882616,0.011820665579208644,0.0057515914425567555,0.012575253235818717,2.65
WGL_173,28.1,8.27,11.58,1,0.013430253552293053,0.0310611608180087,0.046000062160486035,0.029603307700529588,0.0001,0.03897968945996683,0.07282811508042208,0.0001,0.011975388564534065,0.01760964580992403,0.0521767249399399,0.11212231485593854,2.55
WGL_091,24.5,6.34,13.39,1,0.0001,0.00823643140866798,0.01683921731886786,0.00875973071972491,0.0001,0.06722074891183713,0.05667193715130934,0.019385130979697837,0.031525297305728985,0.050296125866054864,0.046428742127060885,0.035508876464253374,1.48
WGL_343,23.0,6.93,11.83,0,0.0001,0.06455422080387774,0.02587388371733578,0.051524829470588424,0.03771263364196513,0.06735408008697465,0.03252779350021423,0.02551865930260528,0.005128467471189335,0.032674928725448645,0.03429778231185851,0.09294891698631556,1.34
WGL_060,25.0,6.92,10.67,1,0.06620778173056073,0.027401392341164055,0.021031701339410375,0.06654663860523326,0.010726452595119541,0.04038293555185882,0.012171281707944948,0.030791686226662927,0.05062594778962916,0.0001,0.0154996542101903,0.05280203110611271,2.19
WGL_365,25.3,6.95,11.79,0,0.010289788342504274,0.06021861862210938,0.05087614585323454,0.062113749333773755,0.0001,0.0348403884925529,0.025712894637861115,0.022278638439904228,0.027338345613151193,0.04296482700061892,0.0678631624373872,0.014888963690439422,1.22
WGL_174,26.9,7.35,13.79,1,0.08863420945776633,0.0001,0.04991029382476406,0.046576755210149756,0.002292191376376644,0.0001,0.0001,0.003255760621262106,0.009029426570852034,0.0001,0.04306458712791883,0.04716071334777652,2.46
WGL_075,26.0,7.2,9.79,1,0.08588361747417222,0.062488606598420954,0.04318607039591221,0.08490635805079116,0.06373768203456506,0.0001,0.0001,0.03952327231522958,0.021620886454087575,0.002650496860547356,0.001,0.010495631175777394,2.19
WGL_080,30.1,7.66,8.98,1,0.06886482455689086,0.01633310116841882,0.07030458957223515,0.024551135561987805,0.0001,0.005280140490364613,0.01060856850927774,0.03281270151529817,0.037093661774883276,0.0001,0.01599353660654259,0.030155962355554906,2.12
WGL_285,26.1,6.76,8.78,0,0.06740067216590588,0.0001,0.040915691965880796,0.012807126090622945,0.037908611531911496,0.0001,0.035370364112865385,0.012726405760484616,0.03952000413762968,0.00652716436698728,0.0016246976287592405,0.05515959993812076,2.3
WGL_272,31.1,7.01,7.78,0,0.01829781663838629,0.055657535498964156,0.0001,0.0001,0.05503774324202322,0.04507925618050602,0.021387307915555594,0.03510043507454628,0.04403315874211327,0.055739787064077874,0.048897330346412825,0.03960512814941821,0.86
WGL_146,23.3,6.65,8.19,1,0.0636949418507185,0.07085188615435346,0.0001,0.0764934346953262,0.06752292965507874,0.021913519781173844,0.04691899002542573,0.07273249625902417,0.018607254070418553,0.032315530817826114,0.054288031791137684,0.05820179077248125,2.43
WGL_082,27.3,6.91,11.87,1,0.006448525493456695,0.0001,0.01666375289974922,0.0008825938270946264,0.0001,0.03155659065441281,0.03492629139720041,0.019877631007583232,0.0001,0.04940185576365848,0.06050705499983769,0.0595149807193783,1.86
WGL_404,34.7,8.3,16.42,0,0.01729062463056612,0.03898860303987667,0.0001,0.038167153407294235,0.017564622597204226,0.029861452325814372,0.025368117771133274,0.018543460940530793,0.04412345754287433,0.030779670660754814,0.016800570410003268,0.05258445120025587,1.77
WGL_284,20.0,7.32,14.8,0,0.017731128894629584,0.059836229827075996,0.02699463727665237,0.06141209549711814,0.014939094535952385,0.057516126730585565,0.04493055811359879,0.02902451351430827,0.04524766484188309,0.04463562388283403,0.013496684860129681,0.06879652016451625,1.58
WGL_390,27.4,7.62,13.29,0,0.005391225085520161,0.05491578090282463,0.026446359020941147,0.014196748887544365,0.02160585218232407,0.035510809185586543,0.02424168678739456,0.048660106728400425,0.02704394000868865,0.0001,0.07081025527060508,0.03049612054142529,1.0
WGL_381,27.1,6.14,5.99,0,0.059913706972785086,0.05184884940603558,0.052660852971763074,0.050400045385824405,0.0001,0.013991988562115315,0.030147147897980953,0.008668200060552187,0.05170749844237846,0.006196661684400268,0.043431410089228885,0.001,2.99
WGL_222,28.6,7.67,12.13,1,0.058959584088967024,0.03328415577921413,0.029787621088005548,0.029615334666039973,0.052263703790402134,0.008534188406032803,0.0001,0.048976989991010314,0.046397770765369786,0.0138987013850748,0.010011359346364535,0.02296374202990527,2.32
WGL_351,23.9,7.04,9.68,0,0.05151361645573499,0.0001,0.058189610956947774,0.08186989856237684,0.017174493789042754,0.0001,0.04008188778214469,0.021904673998517272,0.0627514508061951,0.025757727257907197,0.08958301312690883,0.029690244875051425,2.71
WGL_054,26.6,6.63,12.77,1,0.05617068721057258,0.009597384078160826,0.11265007155827544,0.02896804845319376,0.021695861806350816,0.0001,0.006577625529935601,0.031568599562583025,0.03083657612669356,0.025601444171230888,0.03164192977112511,0.001,2.71
WGL_239,24.5,6.63,12.03,0,0.047448257385286824,0.07817348046389028,0.03188994386995758,0.05576259828954015,0.05142069734220704,0.0001,0.02712688043900679,0.0001,0.016706274867490385,0.0001,0.07351964867904705,0.04338405104240531,2.52
WGL_140,26.5,6.69,11.19,1,0.10156447485517607,0.012003278775506297,0.03419863089606433,0.03645080494242973,0.02176939413752174,0.0001,0.03259292589136139,0.01797096851643102,0.03208847376016637,0.0519854782872327,0.03156790907753046,0.05878535411942756,2.47
WGL_223,28.9,6.7,7.7,1,0.0818529875356218,0.014884632334661915,0.060626975867787564,0.06405133778029716,0.0721650659778921,0.0001,0.01219035948628319,0.013161474590939304,0.047634208349608034,0.04367665525012049,0.049021062450405314,0.007868922196987538,2.15
WGL_243,27.4,7.01,12.36,0,0.032528691816587685,0.038577163230181594,0.017131096509176734,0.0001,0.011428520116611019,0.02768437408702732,0.0001,0.04590890650539062,0.04255937463871243,0.02277110486060028,0.001,0.02872018340492114,1.04
WGL_067,26.6,6.89,6.18,1,0.09235556109459385,0.03353884068799195,0.04395427200295626,0.07926540429003917,0.0001,0.002596425754924825,0.0001,0.02772367884263654,0.043140739410411535,0.022591921355149154,0.04053056266654954,0.06625146033875212,2.19
WGL_370,23.2,7.23,19.22,0,0.008296939308523106,0.005354932075738143,0.027114380642050982,0.0001,0.0001,0.05496162123856264,0.059796315103784574,0.04771287254868785,0.033353378058956655,0.0391892408172943,0.001,0.005144497160301964,1.46
WGL_259,24.3,6.62,10.25,0,0.09600434366591552,0.005144550267648686,0.06640268895040054,0.0640342522383115,0.0378182826133225,0.03294622659607112,0.0001,0.04185223697624905,0.0001,0.0001,0.001,0.11253680732925342,1.97
WGL_260,25.9,7.19,13.9,0,0.0026949387736605896,0.024901425866552817,0.02295951511214077,0.07943919855941918,0.053521599052329186,0.04474859376629873,0.057465231004856156,0.04818760609835749,0.0029992566808495214,0.056108816180698365,0.018723875391033717,0.06156315280127629,1.73
WGL_100,27.5,6.91,8.36,1,0.035803569521139875,0.0358945602617355,0.0001,0.06505074099242322,0.037737566407172615,0.009753345637500176,0.019970944790139954,0.020069764139850472,0.017810519923030885,0.020697929288041025,0.022327443114374793,0.001,2.74
WGL_016,26.5,6.79,8.44,1,0.08289308536960474,0.04668968374031807,0.06732191350266228,0.025955254430458416,0.008119522738569078,0.01152234020949846,0.02570920090759459,0.043116044324195635,0.03234803588909846,0.0001,0.05131175074180648,0.08381115318763702,2.63
WGL_254,24.9,7.57,6.44,0,0.004171394833331553,0.013723844476421488,0.039916886891322965,0.0001,0.018645604040402976,0.03573019444273549,0.04171158296819184,0.0001,0.04178697297865853,0.006051142756527125,0.03311812770383016,0.011092887917624052,2.61
WGL_325,25.2,6.28,10.26,0,0.09419000129300367,0.0393675499180249,0.0001,0.048362952518765226,0.05103163748565266,0.028732033842924408,0.0001,0.0001,0.03905755031527772,0.004408573554144191,0.03882862375096614,0.05306760004634007,2.7
WGL_087,29.4,7.64,15.12,1,0.09634495488856731,0.0233228622245238,0.04636221252388334,0.02358881842046148,0.01298193646777263,0.010498364239438375,0.029482299096879487,0.021300990713860338,0.014256788968035278,0.022505962768347237,0.03342362576934549,0.019774742659777775,2.76
WGL_038,25.6,6.83,10.9,1,0.07810881061747035,0.042917500918750594,0.06037781641147291,0.06409618733627555,0.0001,0.02597360914362243,0.02677502638553788,0.0001,0.02164502031756613,0.0001,0.0831797230788876,0.03287037179457498,2.57
WGL_372,25.1,7.1,18.95,0,0.0012878370942901764,0.08601063441312172,0.0001,0.012700204366492605,0.04847925589482334,0.033586145179074656,0.02897786529515395,0.0001,0.02797493184251183,0.050729830268137044,0.0311526563234249,0.0094015356902405,2.35
WGL_407,30.2,8.07,16.82,0,0.007577720006156807,0.006438799468121164,0.05415713421212613,0.0038158788062767,0.033931221827831384,0.03064837590537107,0.02441389553288002,0.05787842821984425,0.026540765208828237,0.0001,0.001,0.03730679712075056,1.57
WGL_074,30.4,7.0,10.04,1,0.07080593403588943,0.02540189567099422,0.08283986137527441,0.02894917891999891,0.023579054429623988,0.0009126217798241451,0.05655858146053466,0.033953400047645604,0.0028021934015442836,0.010859438875627946,0.05531351902170119,0.06635402464906498,1.96
WGL_317,20.5,7.0,20.73,0,0.013279162060303063,0.0001,0.03421700038320692,0.023957934701139282,0.0453444896857549,0.051778387152983704,0.02543396515890124,0.0338849496382132,0.02845949375081193,0.02479447088730722,0.03885293356512572,0.05727885522122814,1.56
WGL_105,27.2,6.4,6.62,1,0.07315047871450452,0.03757203649416094,0.06476776100808995,0.01189681703136436,0.04432515014987162,0.0001,0.00821444346089886,0.0001,0.006717315056137356,0.07377802053549606,0.002285585721068073,0.057601399412419714,2.33
WGL_171,29.1,6.64,8.6,1,0.08003902566729611,0.03464583565280768,0.039875150786243714,0.08877666164744835,0.0001,0.01260113667615038,0.0001,0.00222604042918125,0.044277599267717974,0.01890514693411824,0.049258734596045975,0.0048564109941172245,2.51
WGL_195,26.3,6.32,7.55,1,0.0882136305574282,0.0001,0.04522427773149165,0.04061571806778475,0.06147180240233174,0.039293975847457266,0.0001,0.0001,0.0001,0.007500952715421874,0.07006276408614924,0.019737906286934215,3.08
WGL_017,29.1,6.6,5.26,1,0.07481016721620587,0.06759258970644799,0.05717233707174538,0.014681595837950027,0.014634545440161108,0.015248917815795035,0.0001,0.0001,0.0001,0.0001,0.030804375302702414,0.039715707537546246,2.53
WGL_379,32.6,7.09,7.28,0,0.0001,0.04414994534968018,0.03667468501756617,0.0001,0.040242908944187125,0.01460118264271669,0.06728751492195621,0.03872217795708083,0.018025133699857473,0.05487388571331012,0.001,0.06781241933669008,1.03
WGL_089,27.2,6.95,5.05,1,0.07150894820882164,0.05674133002646808,0.031966556729005356,0.01564979670635803,0.04639882837539516,0.05169378294765117,0.009974809405333834,0.023268691365603222,0.022119297382577226,0.011050436286736466,0.0664733735365787,0.023507845598209863,2.69
WGL_339,24.2,7.04,12.98,0,0.029862711548150962,0.04665086646149141,0.08291760060506063,0.05821409102620176,0.00478065739696564,0.05016497664481927,0.034639471311264436,0.02673764760174907,0.03564934285965784,0.011694350825640302,0.08810035305922986,0.028503037432539118,2.16
WGL_141,29.8,6.9,8.56,1,0.0715755083234049,0.0720559903252978,0.03888596036928743,0.042513844032190315,0.011353891777649776,0.0001,0.04500048346562842,0.030177523408295204,0.009708544856340482,0.05980464229072682,0.05118024153334559,0.060820721077730594,2.72
WGL_103,24.1,7.58,7.88,1,0.0001,0.0001,0.06191845125720791,0.0001,0.0001,0.003736136931760725,0.05905160777725969,0.006245015342865451,0.010815250810730693,0.03880717342677373,0.009793155898776332,0.02847985270926634,1.8
WGL_208,25.0,7.09,9.96,1,0.07075889133292619,0.06805155619607658,0.07213807470997491,0.0001,0.05260924586341697,0.006993554342911703,0.001609421533915384,0.013319918349639599,0.04073842864905962,0.0075695194158584165,0.029426081536124964,0.0014237965210936177,2.52
WGL_337,22.8,8.49,20.02,0,0.0001,0.0001,0.05517895875213123,0.08493372436119376,0.07356256571035777,0.05542774866007452,0.035086167306950695,0.026444901508505616,0.06699139610354139,0.04385629554108925,0.10625930864874417,0.02728109314558013,2.17
WGL_158,29.1,7.26,9.26,1,0.057381746396596295,0.02154242018797544,0.09455113040963076,0.09168934393860705,0.052468065775216136,0.0001,0.04154982523305497,0.01657735463228662,0.053777680390725155,0.0001,0.054135041712362414,0.03389205564688694,2.9
WGL_071,22.5,6.64,4.15,1,0.07917328025902223,0.06691522242420259,0.04904553715216131,0.057897086665194976,0.05675348236698369,0.020120716565359933,0.0001,0.012485348071280608,0.0001,0.002590949611173477,0.09609079506647147,0.0413304508959771,2.16
WGL_134,30.8,7.73,10.28,1,0.05569589900092704,0.0621626021104692,0.07948296840769442,0.0611817395149426,0.0484362610089642,0.036934100549183654,0.04438409501704257,0.0001,0.05142990170773025,0.03280105248139037,0.0561892419346226,0.02505891734609369,2.71
WGL_247,21.9,6.89,23.52,0,0.033326639298520755,0.01260895955259203,0.030780381206589484,0.0001,0.0001,0.01307403474506464,0.02413481923516024,0.0113446324997298,0.04568948464068955,0.03343933953820386,0.07191742992554681,0.04629639453306265,1.77
WGL_444,23.7,7.73,10.55,0,0.0001,0.0031577651808135723,0.0001,0.0001,0.0437850153698498,0.04036731915098832,0.0328481529843063,0.06481305147043015,0.04709264262693656,0.01764270289974764,0.001,0.021064359176936717,2.28
WGL_304,31.9,7.43,14.85,0,0.03236204161439468,0.024555697157590053,0.04320692800494386,0.07125946914768266,0.02881907342280717,0.061169560094972514,0.04831611682549319,0.03975877075921906,0.06866542763033245,0.04575402980881213,0.04977408344588738,0.001,1.28
WGL_189,30.3,6.8,17.17,1,0.03375622391398478,0.038200332887948774,0.0001,0.05621846918948829,0.01041056278541727,0.04545457233832094,0.04533833000869427,0.07560156175695831,0.01666724242384602,0.04123836448374638,0.052283364387898705,0.05180778099716573,1.31
WGL_299,27.2,7.47,17.28,0,0.020164010207520094,0.03178827639344907,0.02459578399055097,0.033087821983127805,0.03797525650338763,0.013441505598056406,0.07723813627006451,0.03627612544835797,0.020192399522378945,0.04917371794990308,0.05169883264720918,0.001,2.72
WGL_246,22.2,7.19,14.49,0,0.016542565573845678,0.030679801108021015,0.018332816111643356,0.0001,0.026082801256918073,0.037826590784304316,0.035960362294723755,0.04616760808897551,0.050103836735768195,0.034247690683296264,0.08368813699038881,0.10451586627795634,1.82
WGL_019,27.2,7.29,7.87,1,0.04719962658125899,0.0001,0.033584011215902675,0.04461677698791229,0.03681266915453667,0.0022496623555697016,0.022651163215439172,0.03401486369699494,0.0001,0.010611882136428814,0.001,0.09898744785576147,2.89
WGL_178,27.4,6.55,9.46,1,0.07156069100793887,0.061117465294296694,0.08350164151499394,0.020218195090851782,0.0009870476748291349,0.04545379737779119,0.06887443566288612,0.0001,0.0001,0.0001,0.0386336115708989,0.04210560298402929,2.48
WGL_438,29.7,7.84,4.56,0,0.0072409278991948265,0.05731694961637991,0.0001,0.032188982032224506,0.02953725268962434,0.08750568092957502,0.07394819840037167,0.02488297790322279,0.0001,0.021059837913349796,0.0423634192918489,0.038857658254317834,1.48
WGL_021,29.1,6.96,7.8,1,0.050806675632849775,0.01075873837179276,0.08411030721162482,0.016739242370119034,0.0008064330778818629,0.02203359113941213,0.0017930926074153485,0.0001,0.05371160816757621,0.01667067281277663,0.09693960514806883,0.001,2.78
WGL_056,28.3,7.4,13.97,1,0.014847603469844955,0.01630248517937127,0.0012140253780080316,0.0717393768868537,0.0514259497139638,0.017293603687420618,0.019368960797714132,0.020343241855624382,0.03282571851241348,0.06147615172100581,0.0704454018696432,0.07203251068120692,2.24
WGL_264,29.4,7.47,19.48,0,0.0001,0.015570499858323202,0.05145287219877681,0.04582569826680616,0.02258151340000313,0.03224499585872605,0.0634871439261805,0.03128529121241946,0.004427555579408299,0.05962290211595095,0.0292235472420976,0.0461364211671968,0.9
WGL_383,26.8,6.47,10.78,0,0.05365251138662265,0.010119807630966836,0.0534638116730661,0.0001,0.06620465888630159,0.0001,0.03562671508522834,0.030106605301833893,0.0001,0.0001,0.001,0.001,2.6
WGL_420,25.2,6.91,8.32,0,0.03023403110870906,0.0001,0.0001,0.02519782260103574,0.03313919636065773,0.07929251028382553,0.04846021104914709,0.0024761935704149807,0.010740955794403328,0.05244410516322748,0.021195922059394492,0.053427797295616974,2.58
WGL_035,31.7,7.25,10.95,1,0.09228877431388982,0.05009155417536063,0.04405254742901589,0.068993505179037,0.022597408831942827,0.0001,0.013531012786545065,0.025085903911792877,0.0001,0.0001,0.04587641704700198,0.023840359851804785,2.64
WGL_182,23.7,6.58,8.76,1,0.06431406378190146,0.04710105328418602,0.046455048409034444,0.05856515493346265,0.03439732345459635,0.028956572496018265,0.0013973667239211562,0.02687850894841531,0.04098820047591238,0.0001,0.032961522937908105,0.045057497039471435,1.84
WGL_415,26.2,7.18,16.64,0,0.023274382380014606,0.03892544223344023,0.03967385993476644,0.07900917155681256,0.02506730225500886,0.06472022636519137,0.03371606646648993,0.02239677953353366,0.0244451838494828,0.06371855263700302,0.03988003779918544,0.03564462201994313,1.57
WGL_151,27.3,6.97,6.81,1,0.09157810807567793,0.057471309532467305,0.0723455146568115,0.07246125938482317,0.06788070665702803,0.0001,0.017770518436261346,0.018736924509475252,0.0449388860465577,0.018594332301617594,0.0014280122565694872,0.023933996369201207,3.07
WGL_194,28.4,6.08,11.97,1,0.0696918894069992,0.045690242264619825,0.04146099476305381,0.0001,0.010059990954935746,0.0001,0.0102312235452746,0.044075173166047615,0.0007629871486457412,0.008101821566529067,0.001,0.022126872996119564,2.41
WGL_437,22.6,7.62,9.22,0,0.029075950489742743,0.006376202033272122,0.04772678281766296,0.0001,0.0001,0.030215358243871747,0.06021567203181901,0.08165743532101587,0.07693758144720639,0.06672819132105841,0.001,0.001,1.57
WGL_395,25.0,7.44,13.55,0,0.016402082637337168,0.0001,0.08464941512117383,0.026919575348745374,0.07248749832418694,0.06749508606752544,0.04579869488802518,0.01998889895605352,0.047547373618504515,0.03431994082277814,0.07851668106089063,0.03716973187865954,1.39
WGL_278,24.7,7.37,16.44,0,0.005910391359251464,0.0408203395857991,0.025037843260372603,0.05316596941300418,0.0001,0.04255037381623589,0.03982604975631572,0.037285958586262644,0.039659796405247284,0.04905102053760195,0.042994714412916364,0.0542077944368543,1.53
WGL_098,28.3,7.0,8.49,1,0.08123222893389326,0.10193283462452578,0.04327781108266848,0.028647658027260863,0.063985180656335,0.0001,0.028840839476801466,0.0001,0.0001,0.014748942284469973,0.0901704971353214,0.017636158398719504,2.98
WGL_356,25.7,7.25,15.76,0,0.03397937638280616,0.0001,0.0001,0.01812041634955131,0.018153504945317655,0.05337372200956311,0.08742868451912625,0.021819957540382875,0.08161742497757621,0.04601281513589783,0.04238318336396594,0.001,2.5
WGL_155,24.0,7.19,5.69,1,0.07982566584846311,0.04789972190875325,0.033903766558565106,0.04334204605538407,0.08961835317482438,0.0009985620638057694,0.0001,0.006330670604646283,0.003799599363563104,0.016824587435026506,0.02459822901445242,0.04284852517286251,3.21
WGL_123,26.7,8.07,7.13,1,0.07901391395658738,0.027643946142054177,0.06790153354246586,0.06800907809506695,0.07587188467937964,0.0001,0.06551670289688498,0.0001,0.01091998714583947,0.02856886323919718,0.03005870234819858,0.048259362747434795,2.57
WGL_114,24.1,7.11,6.59,1,0.08052356380145993,0.03706438440700204,0.05288039706176037,0.014089812192898697,0.0001,0.00313729224621046,0.0001,0.0001,0.0001,0.0001,0.041209008546695076,0.026549460631934193,2.58
WGL_245,26.1,8.01,9.49,0,0.004757970185072502,0.013992484838006107,0.036121123451164305,0.01358281468860821,0.08177072516154153,0.0285694737981272,0.06489016195148106,0.023312436668626025,0.05496870290653773,0.014115956232356536,0.001,0.058734683010676206,2.29
WGL_298,24.2,6.93,6.89,0,0.008015780048808048,0.0001,0.029584989454357252,0.0001440056093623826,0.02801669863895941,0.051098181744099094,0.05194103572449332,0.044536164684482474,0.03419447375182862,0.009489832890979256,0.001,0.05067562140241847,1.0
WGL_279,31.5,6.43,7.23,0,0.09854742981609074,0.058592909857934035,0.07528524441559675,0.0001,0.03450611348254221,0.0052190210861487885,0.01402773981332059,0.0001,0.0001,0.001241483706848635,0.01716875537277276,0.02280320517011335,2.3
WGL_109,25.0,7.66,10.14,1,0.08566454602262276,0.04663417933119682,0.0001,0.0366092992081289,0.056433773376209515,0.028597126507464102,0.0001,0.06417616183529398,0.02038469530911947,0.008667676693017445,0.011225174778052793,0.001,2.31
WGL_374,26.0,7.17,14.71,0,0.02467101799616806,0.05693388922162769,0.0001,0.04396106032594718,0.0043794277741870495,0.05436850036635671,0.0636472586487797,0.07954510708894169,0.018558011069497983,0.05424567741187914,0.001,0.04047369568020033,0.59
WGL_095,25.8,6.97,2.19,1,0.060232600275274384,0.07792882275557558,0.0001,0.03453914969255812,0.03306378721606156,0.012014364032274965,0.01679804107415597,0.0001,0.015557692927091731,0.01558007081194434,0.030670097272224348,0.05317276636025468,2.51
WGL_233,28.3,7.15,16.98,0,0.02942678078974064,0.07330865865602261,0.02766130119438179,0.0271367152341242,0.016529557833111764,0.07485779698286342,0.029450934564121657,0.03566215890601139,0.05734928026224624,0.040119849090088394,0.04671238358959175,0.044201911331709705,1.83
WGL_126,27.2,7.0,12.76,1,0.07279558158457333,0.052427459376020086,0.058255643725605835,0.059861406324118266,0.06289529620090396,0.04473495409207452,0.023749355344596268,0.0015536717990606193,0.07380879582780335,0.011878165729589135,0.05217078941104202,0.01848304325176956,1.74
WGL_282,27.8,7.46,13.38,0,0.0001,0.03295242137922329,0.02645722274212764,0.08624802865791267,0.0001,0.06589542121331887,0.03097646007114136,0.026996408155207145,0.07437962488137606,0.026256530323933814,0.06360125787939844,0.04344920011041099,1.24
WGL_432,27.2,7.4,8.51,0,0.0853289336366054,0.04571140777817069,0.024610133283521584,0.026072410438149497,0.05234755887847868,0.016536608508166056,0.042222070736966696,0.017007529112736623,0.009374902272894128,0.0001,0.018230889877888092,0.05100488938239128,2.73
WGL_092,24.3,7.4,12.34,1,0.023368324671749832,0.0001,0.05215729231224549,0.007892533543684152,0.03927772290780793,0.021938793956485955,0.009550572943344937,0.02082457117484321,0.008140756225591354,0.020633185622810923,0.05943663685013166,0.07236324081920792,1.8
WGL_427,23.2,7.59,16.72,0,0.012589085700746426,0.034988704020669725,0.01247303606351412,0.03802342626933243,0.0001,0.05400385315253067,0.05887172608556608,0.05144126678327389,0.03185052449485175,0.050713352456982316,0.014992511657523848,0.04624580008686903,2.39
WGL_378,18.9,6.24,4.29,0,0.07362023007783587,0.04234599817620846,0.04948601727786323,0.07467175875898446,0.13925259202319532,0.0001,0.02596569936105711,0.03312767224447771,0.007999485617548662,0.0001,0.06419720355244918,0.06510074868648663,2.8
WGL_241,22.7,7.38,14.19,0,0.02021009059937695,0.07978710659641418,0.0001,0.0001,0.019159360701024742,0.08692923819729742,0.010792804864156739,0.051691008657466994,0.032246733326395174,0.04411552633967537,0.001,0.06633054518418602,1.56
WGL_244,28.4,6.24,10.42,0,0.004720383143191794,0.006150076103344379,0.0001,0.00586301298511047,0.0663015978470404,0.04692299269280338,0.028171749428852075,0.016352531764257664,0.0001,0.03495031994831025,0.01563717595311684,0.027193894254920734,2.13
WGL_229,27.7,7.35,12.53,0,0.025439897000324802,0.00029373885891811197,0.012495329683417532,0.054755876462730266,0.0001,0.03398676260973192,0.04769895561350408,0.004466355348881859,0.03378623448009164,0.024310890329643228,0.07645631637927736,0.03385683738679727,1.86
WGL_368,29.4,7.78,14.57,0,0.02385088875354956,0.005355917790580153,0.008834911050717244,0.05259277240172125,0.0050327206034562946,0.0626440738123053,0.08041445148416046,0.004092420941556107,0.007793827148778704,0.06944826987124147,0.06648381325443482,0.08333143759951418,2.49
WGL_025,22.3,6.96,8.75,1,0.06955857309002537,0.02140399000375606,0.06645544769881095,0.0525924606771738,0.06055447553807661,0.03126470211966477,0.01752553844782466,0.0037494656874937134,0.0001,0.03133832968515049,0.03368944397082793,0.009229672541386243,2.53
WGL_413,25.8,6.54,6.38,0,0.07129709856534992,0.06020613755675702,0.028553293132509344,0.0016777983734121357,0.057931996316333126,0.0017031554387319132,0.018788254852200675,0.012154163030289815,0.009565637592081906,0.020132319624617243,0.08341081335961031,0.06264891930371752,2.7
WGL_412,22.4,7.97,9.54,0,0.027979016335597937,0.03487285979830432,0.03251448135093144,0.024955061636911136,0.02832930560297114,0.04510524801207705,0.042786392537661,0.032338118684353684,0.03935983044808675,0.04467925287327177,0.027992234556813496,0.04718136984353492,1.06
WGL_446,27.6,7.65,16.99,0,0.043063696214836675,0.025858745931897277,0.021047635379102165,0.0001,0.0001,0.06591435668520429,0.011486992106516901,0.027034703111790532,0.0001,0.02074770919775288,0.0011220836231530529,0.05139087977941414,1.62
WGL_206,28.5,6.29,6.24,1,0.07883709700068253,0.062117321311975914,0.06848647084098022,0.0001,0.0001,0.060927202409015446,0.0012700460377666895,0.035399484656361925,0.011238156461121,0.0001,0.08033689971612501,0.05230457757599076,3.17
WGL_359,23.6,6.86,11.81,0,0.021239904535718217,0.04370876722712576,0.05272397768172044,0.0484271398059707,0.042512073394967986,0.0965790611512268,0.05866303713058506,0.04988167841553336,0.029254316797553834,0.0076392091212339995,0.019538201988980812,0.03162688907321924,1.72
WGL_127,27.3,6.52,9.42,1,0.10899380567628401,0.0653857551485033,0.06652124911607002,0.03447495623528794,0.0001,0.0001,0.0001,0.0001,0.019130726961914535,0.016417470408815145,0.07874764266598058,0.052375784589418335,2.48
WGL_366,25.8,7.41,8.14,0,0.00555946737098894,0.0429444616154979,0.0001,0.03560539141959443,0.0133930082364716,0.04155746087380257,0.035298970688137005,0.053007734016298214,0.050445946756022216,0.04050246759483408,0.001,0.04001293915742109,2.22
WGL_079,19.5,6.51,7.56,1,0.09980325123980491,0.05786421053359946,0.010006765272210418,0.0001,0.07500902229077416,0.033383955197595544,0.030532652381850475,0.0001,0.005280540405903339,0.039620550562730734,0.001,0.056111669366568695,2.77
WGL_250,32.9,6.3,13.71,0,0.0001,0.03697479602473774,0.022003246318882216,0.04832941493815245,0.015766504607720642,0.019302073147421127,0.07629010850764821,0.03176656824526213,0.024960411968080756,0.02438680289524631,0.015996065023585644,0.04837180638160218,2.5
WGL_179,24.5,7.28,13.32,1,0.051930382557862434,0.015289664316485846,0.07644984770571898,0.053845675906184484,0.08818666360192104,0.026365202004807235,0.027583764280639418,0.0001,0.031193559200217984,0.0001,0.001,0.01840942835029048,2.4
WGL_059,27.5,6.73,7.48,1,0.1073769142479127,0.05754538891156334,0.005542206659943899,0.008482599781505798,0.040342017649909676,0.01779515762973951,0.029351079754292138,0.0001,0.045965787559817506,0.0001,0.045093830492336714,0.06868898090474801,2.03
WGL_389,28.5,7.37,8.81,0,0.028767213410106067,0.03075437756199155,0.026058120846903756,0.021645858240571553,0.11197923029618538,0.04630520200252387,0.06447462602005913,0.0333223340923515,0.037921299044574516,0.019616458153728467,0.10796189184530286,0.03560222306881828,1.79
WGL_334,27.3,6.35,1.03,0,0.059028870475170137,0.08357132957116142,0.07281912055376033,0.030962934322540818,0.007038039521328164,0.04723034241708686,0.027118547901576612,0.0423644887041107,0.057086351151137346,0.022870547143647547,0.04268405299521841,0.01801417663918962,2.66
WGL_224,30.1,7.0,5.98,1,0.025327951600132792,0.04432160868624005,0.0001,0.011243011945297837,0.05345233284438551,0.04743092942173967,0.0637645701611223,0.03344683055435303,0.017921015707088962,0.017729318018312117,0.03268614224058732,0.04701884014031363,0.41
WGL_373,27.7,5.95,10.99,0,0.02399540343819908,0.0001,0.0001,0.026832700626681562,0.01356755800564003,0.0001,0.02945308075043184,0.016205173070206823,0.02643320422616117,0.04904700779682217,0.011713371649788425,0.05856091418649011,1.55
WGL_391,29.8,6.86,4.14,0,0.08205548117568165,0.07030112532106653,0.0001,0.05760295808608074,0.015642899322736218,0.037117044765605796,0.0036431059037279785,0.018187727426014072,0.03750700923738124,0.017322066682576513,0.02166090502798749,0.002078218941601734,2.37
WGL_062,27.7,6.78,16.09,1,0.08648106798826377,0.05691682480986888,0.009315289112344471,0.06325671167507751,0.014807751331210886,0.0006119119745893221,0.0001,0.0001,0.013555085795107644,0.0001,0.013294970834990236,0.03768106281851468,2.1
WGL_314,24.6,6.18,3.32,0,0.07539282473226855,0.032623036994035015,0.07836684063275637,0.023894120881864277,0.02669019569748591,0.0417817155087382,0.0001,0.031078716476138146,0.0001,0.0001,0.0506063034013557,0.04305792223630138,2.14
WGL_094,26.7,7.08,4.9,1,0.11346856173329684,0.04809859667209622,0.030393447202338848,0.08572534634079623,0.05756845688146773,0.032821904566267504,0.03908056256536415,0.0001,0.053733269488709906,0.0033172094537135457,0.04856461363274264,0.06768457898540134,2.32
WGL_362,31.3,6.62,19.0,0,0.003047950938984037,0.04005786025340207,0.008837049020178556,0.0695562078850606,0.03102823528560223,0.05840595404215998,0.014895915580116246,0.0001,0.03763703403281604,0.06767973761109813,0.044476453256389874,0.001,2.55
WGL_268,25.1,6.61,17.5,0,0.0001,0.032932498697493665,0.017746291808543646,0.06695497078257104,0.023105356886007837,0.045298122646125004,0.016809773981112955,0.04462636638467636,0.04903895465683919,0.027269809032880503,0.061624308583809004,0.008869082584436336,1.59
WGL_070,28.9,6.17,12.75,1,0.019619024432444128,0.028377749906640555,0.006335823127821452,0.06369232107612348,0.0001,0.05754609057264669,0.0001,0.06271149814225074,0.02320016580360003,0.012767979078334336,0.05307358405543647,0.10577735936119234,2.96
WGL_037,24.7,7.11,0.5,1,0.08081246943342536,0.008376136485497364,0.031970272835513416,0.08531769403283013,0.07033613716392526,0.04535877831528991,0.028733172175602374,0.0410502297690937,0.008558070613796676,0.0367030350460182,0.04552889901007878,0.08968168962257386,2.3
WGL_041,32.9,6.46,12.81,1,0.039675075651848066,0.05393190725703435,0.011334892974090873,0.009039400207282607,0.036427649690553295,0.024011288260813956,0.010460003192211397,0.0001,0.017406154497567175,0.036639508691574424,0.001,0.035553576052233374,3.05
WGL_161,26.5,7.33,10.12,1,0.052793771570467204,0.0569547420084944,0.008565074534809189,0.009579543958744944,0.05554535261603346,0.032222247342862345,0.0001,0.027045772630780684,0.0001,0.0001,0.05657502145419776,0.08598170326871177,3.35
WGL_319,31.0,7.37,11.94,0,0.04325028155175033,0.03734605937186257,0.0001,0.0001,0.02702010610718663,0.042737249477805266,0.03627887459711078,0.014477251203230092,0.04630918108838398,0.038718534935558685,0.02287998663323286,0.001,1.97
WGL_012,22.9,7.27,8.23,1,0.09548362308169313,0.05265628690206868,0.019026159393525272,0.07247220279169644,0.013778069554125184,0.0001,0.061594888776571204,0.0001,0.02791032147448298,0.03547129422396682,0.04441197589304777,0.001,3.01
WGL_306,27.0,8.06,14.62,0,0.0001,0.0001,0.028942812858741493,0.09227660235583864,0.0001,0.025133594067663054,0.043300512879638146,0.04339655042581264,0.05439668461925966,0.0001,0.043768369834363885,0.020826966819356814,2.12
WGL_145,25.0,5.98,6.43,1,0.045147678072117545,0.0001,0.029156216098511056,0.04376354949474858,0.05321126289213744,0.035850335195098545,0.0001,0.033572000598287424,0.022551951538530235,0.00717656891211024,0.06847775892502467,0.09172518842016719,2.7
WGL_309,26.5,7.47,6.21,0,0.020371170694471835,0.04452676174877995,0.020749396670174856,0.02569808766030499,0.0001,0.03876575087029356,0.03657739282137559,0.011697995828181606,0.07501166877966961,0.017884398646281028,0.087501439381374,0.001,2.2
WGL_315,27.5,7.17,16.09,0,0.012996868317351477,0.011219319907522791,0.027461220354352268,0.0206429716399586,0.025980171527827903,0.03625632798166291,0.06104611658266729,0.013611044474490804,0.0077444472424183924,0.044249400998988955,0.05341610758295461,0.051387814179506636,2.75
WGL_172,26.6,7.0,4.62,1,0.08683926113781153,0.04466240824837718,0.0035965040659111103,0.011486652667302484,0.06366432157711283,0.0001,0.0633985693043138,0.0001,0.016896057334446803,0.0001,0.03749675491549678,0.02395422982894717,2.79
WGL_128,28.5,6.08,12.43,1,0.09008743880938823,0.06763507049998821,0.054784616556424574,0.020126351270646926,0.05526861653963751,0.003966835501450796,0.083107701349758,0.007152707235753719,0.0001,0.004569243672097075,0.08449296555099792,0.024189615488038486,1.64
WGL_257,28.2,7.62,12.24,0,0.08972516409504099,0.04227084850834594,0.008271149777225442,0.03558384574392373,0.0001,0.020181826460420813,0.039459843992910755,0.026573108183512033,0.013894995376534937,0.0001,0.09338845001698845,0.07140923761657736,2.03
WGL_322,24.0,7.84,9.79,0,0.024879186107267345,0.005530729722942076,0.05037659884376976,0.0001,0.006389547443783674,0.05454521812478872,0.035998436011869916,0.01250382789664244,0.06733468253009908,0.0001,0.014429398413504449,0.07349600360955615,2.54
WGL_185,25.9,7.64,18.97,1,0.017380985332252415,0.03133881470292884,0.031640374921621625,0.07170173338326226,0.040260175247133184,0.04761889134031797,0.04161743320538986,0.05426525873082826,0.0033559568103024955,0.01745306248113991,0.009085953830682562,0.01534916622254245,2.54
WGL_047,26.8,7.76,6.62,1,0.09219777260870113,0.06617767564056976,0.03169785123892552,0.04887190917084121,0.08212398837510917,0.0001,0.0001,0.015720341926894824,0.0028422481169012633,0.05460948224815612,0.07778826525157047,0.001,2.81
WGL_010,27.0,6.0,8.42,1,0.08755129397603237,0.07557428646285505,0.08800264691233457,0.0001,0.06076175601663457,0.04215705485289618,0.03451392462094916,0.0001,0.022294920777899473,0.058501391805678635,0.001,0.05429013100771757,3.04
WGL_335,28.9,7.12,18.41,0,0.010054604427395095,0.039401918442982964,0.001890345799223602,0.04659025059862093,0.0001,0.006937857321148266,0.01704962016719306,0.08016171113035073,0.08184710567328651,0.044839774771492896,0.01148379280243763,0.001,1.63
WGL_402,29.7,6.58,15.22,0,0.005963340324002449,0.04937579797527007,0.007561678276632138,0.013803612505321118,0.0001,0.08559282136923634,0.04528287799060298,0.01067567200625016,0.022703181667586097,0.0001,0.07620767138446513,0.07696352707049851,1.78
WGL_177,29.3,7.02,6.71,1,0.0840034673658285,0.04019678079370776,0.0001,0.013800964322127175,0.0001,0.0493499210168898,0.006649942281324922,0.04272775361547368,0.015984680577065022,0.005731461151285967,0.03836594971159505,0.10014338437952025,2.71
WGL_232,28.9,6.97,10.54,0,0.0049648004341238915,0.033625473516163226,0.06732901558600589,0.020917748040032613,0.0001,0.02503309446449087,0.008564835050405013,0.04678181902524061,0.032621166640232124,0.0038177706519213137,0.029451419637395452,0.06740473993210813,1.92
WGL_211,22.8,7.08,8.16,1,0.061114273331142506,0.030039881412839708,0.055951106520438,0.020899777163561138,0.05960971815910257,0.02948208639343305,0.033520395377544115,0.0001,0.0001,0.03841135683304954,0.001,0.04303276128033261,2.96
WGL_129,28.7,7.11,5.98,1,0.05880543801898286,0.06743588690825758,0.028694140406143515,0.03148549808874268,0.0595627284811155,0.016148901675059613,0.04120514980426846,0.014088922902514248,0.02566048546607169,0.015016226535307983,0.06684512036720819,0.06880113044219313,2.43
WGL_144,27.9,6.44,12.02,1,0.06893465818715655,0.010501649123775401,0.028500305169403408,0.050222543068299486,0.0001,0.0001,0.03685960699789886,0.016562345565496336,0.013019538459716198,0.0001,0.09014562695366293,0.07340014195360112,2.92
WGL_242,22.9,7.24,19.79,0,0.007500783912985984,0.040034867638115326,0.015731698913240454,0.009960063638582154,0.02829575278803062,0.06707210447899524,0.044426725403662944,0.03450345440780521,0.008088491265158315,0.0001,0.043795224273193725,0.03449767133783802,1.83
WGL_008,23.3,6.99,9.07,1,0.06727676531599214,0.026853051799013917,0.08893216270176205,0.028288405559153094,0.012622320886165765,0.02792782082031101,0.01326557443155633,0.010104653342352055,0.031532545276262314,0.02421563539731714,0.05086570002853278,0.06892601453174227,2.71
WGL_255,21.2,7.27,11.69,0,0.0001,0.009640909568438032,0.029576791909551804,0.0001,0.0304904780971096,0.05763751142906838,0.03185954018724475,0.06109448999898409,0.020622103556343634,0.005189770699273483,0.047153841896932336,0.02077068554393235,0.95
WGL_331,22.4,7.53,8.24,0,0.006553522411265196,0.04065799811584257,0.0001,0.007607248742989769,0.03665287473045008,0.06940829714529156,0.01580637445375397,0.02322741161574529,0.014206982967324838,0.049002233895848145,0.05854864708514035,0.12191859579542572,1.31
WGL_301,25.3,7.99,3.3,0,0.02537087951671109,0.023280194933681324,0.07060223308018737,0.0001,0.03862930405381037,0.03935109762206332,0.057177573055608485,0.022430652548710912,0.03846549783586683,0.04356175483006634,0.031708716707018594,0.022100470829725324,1.16
WGL_009,24.2,6.77,12.0,1,0.000968563710093507,0.0001,0.0129783747257442,0.10141900779184836,0.06889572269297442,0.06834042280762045,0.02013026201757942,0.025096257198367684,0.021055746730989658,0.0001,0.001,0.0011481691321152676,1.38
WGL_157,31.1,6.45,9.09,1,0.09045033280476485,0.06667038606010173,0.020481819996911326,0.0483246615290592,0.0017622895396310276,0.04390711327407748,0.038290166181620296,0.0001,0.0001,0.042058047695181046,0.022168851176121506,0.03307570464519253,2.46
WGL_028,26.7,6.54,7.08,1,0.08727347676164972,0.09825398804319531,0.0001,0.030686499801796985,0.04736161375707684,0.012118327488846286,0.0013716228687526977,0.0001,0.0001,0.03012454933011163,0.07227287380919363,0.04290023749492889,2.27
WGL_267,25.2,7.31,15.11,0,0.043630228083060205,0.0001,0.02029095965888231,0.014405257066140664,0.031188613821571235,0.01741176787086515,0.04386247672727705,0.025858999957121466,0.020659654312951005,0.020504144082690908,0.05919438607131115,0.0392405819058915,2.18
WGL_065,30.0,6.82,13.81,1,0.03791239201923899,0.046920055241829524,0.042471095024619356,0.06495068308415301,0.08234175578893356,0.0001,0.0197472276480508,0.017602977761866916,0.0001,0.001034020069588009,0.04308506726937637,0.033735652461118946,3.08
WGL_256,24.9,7.18,7.77,0,0.0001,0.00832614644177841,0.046091770604948956,0.006831005908544574,0.0001,0.06299260570809766,0.072984441250063,0.024919101506583212,0.02295747128545904,0.0001,0.001,0.035434008048524715,2.34
WGL_376,30.4,7.57,23.96,0,0.004572304599451007,0.04170960416273387,0.0654436005856025,0.011587520721704637,0.017799334066941154,0.02646916003145031,0.03406430489408115,0.05367209076860986,0.035865438385388713,0.002888684600292915,0.11176771695589013,0.017563753806480887,2.25
WGL_154,27.1,7.06,5.81,1,0.1188127552885127,0.08101212002313088,0.06723455381969232,0.039211698323555456,0.05728520334750775,0.03707405630706098,0.02591528954464401,0.0001,0.020746508158425728,0.019291959535432758,0.053502063405855685,0.013588431210726643,2.77
WGL_049,31.4,8.33,15.85,1,0.0001,0.044109670560128524,0.00916693531446811,0.035404611337450036,0.0012665120629662442,0.07274414580921215,0.057579582284115804,0.024938163918312613,0.0705564669917692,0.0001,0.012601142695088233,0.001,1.8
WGL_209,30.2,7.28,11.18,1,0.0001,0.02842313810852511,0.06046403680830073,0.06244103274288745,0.04587375170777234,0.019304761178833917,0.045549539366935274,0.03874347670820303,0.028743714645403432,0.050747886253269356,0.01727046866014433,0.11444342484306591,2.53
WGL_002,28.7,7.37,14.37,1,0.0001,0.06621959135322132,0.026321394992778024,0.008385801701408357,0.08087216662283335,0.038865349253483845,0.005733032521335633,0.024869303614307836,0.0001,0.05623491373358137,0.027505770444399447,0.017723394243862968,2.24
WGL_270,28.5,7.59,19.55,0,0.0001,0.0001,0.056296231309359124,0.06365884232941932,0.0001,0.06829662906579682,0.06407036308627145,0.0008661844656535356,0.01700196136922897,0.03861408723022485,0.0381063202214097,0.09444666019672945,2.01
WGL_266,32.1,7.28,15.73,0,0.04700076601923146,0.05722244623294952,0.020017212874389782,0.052785400407158276,0.038577127208969705,0.02593926466836593,0.04587542051650983,0.0001,0.0001,0.03540646094879607,0.08316248303347185,0.011222350655638907,2.31
WGL_294,23.6,8.28,12.43,0,0.0001,0.08512658147156638,0.0001,0.019316457023002425,0.0001,0.06989464834217508,0.0001,0.043789701819825624,0.0001,0.06927036151050309,0.10338498220046752,0.06627770680775508,1.32
WGL_443,23.2,7.51,10.04,0,0.006815615276015417,0.02332995871852722,0.020416393872179032,0.0001,0.0001,0.03514651525014661,0.0001,0.05561387195987857,0.03411783444603297,0.043447265570011294,0.026288979316011457,0.03734530381923007,0.52
WGL_096,21.0,6.12,10.79,1,0.04258759572431855,0.05591347550743156,0.04946807042281801,0.04437065005650111,0.0486652944649414,0.01863780734108945,0.02118499799233827,0.0018430097099975014,0.011452859497442376,0.08523436234297509,0.07410680364168978,0.058364293502455894,2.76
WGL_436,27.9,7.94,23.64,0,0.011195817990821876,0.02260846161023215,0.0001,0.02054996866567556,0.06862960723014329,0.021047872564971152,0.01956943744076268,0.0001,0.00041129364948335606,0.0001,0.04004842953497767,0.04802602129291031,0.71
WGL_341,28.9,6.6,16.56,0,0.011258613824879722,0.008294290252249308,0.0724969442310974,0.0001,0.0001,0.023547725278057045,0.06814816301671064,0.019254717081058737,0.0457105466788315,0.04620918382295759,0.05228687925058341,0.012599564139694337,2.15
WGL_117,29.4,7.18,8.01,1,0.0741270436018669,0.08959926374478283,0.015997768598877617,0.04257064807853847,0.060871305129267354,0.01058056168636071,0.00807503053718598,0.020816613198432768,0.005608184655494335,0.0402852424072125,0.031071769492590003,0.0083415727115917,3.68
WGL_046,33.4,6.98,8.22,1,0.055632235091355994,0.01688861622235643,0.08140283492191361,0.03187927599364039,0.021865735947189376,0.0001,0.04919664532737567,0.0001,0.027703989955885112,0.01865354749414366,0.04717797600161476,0.013682461688492485,2.86
WGL_162,24.5,7.84,2.65,1,0.05493942953361723,0.01850831937453439,0.047030785845998756,0.05948812740640867,0.02102786879204968,0.02651125192830439,0.0001,0.0001,0.0001,0.0001,0.020245816889411992,0.04854266712960578,3.97
WGL_345,27.1,8.26,9.24,0,0.020471832441150816,0.0005015715236896465,0.018732961418539057,0.03269548450424981,0.0001,0.029946546836942964,0.06578749858840117,0.03357356477579434,0.054419009635500004,0.07437285660199633,0.013505725026338566,0.06791328192129996,1.97
WGL_118,24.9,6.47,9.59,1,0.08914118786471133,0.08707196912377824,0.0011722548134359481,0.06530999317697418,0.06775260685570227,0.07095114640541954,0.012740919155543325,0.009279648905092312,0.0001,0.0001,0.00462653014744905,0.0074572624170952465,2.21
WGL_289,17.7,6.8,15.25,0,0.015366622011655891,0.03609393674439119,0.009922137774024804,0.005302690937620688,0.03921037004045694,0.034309880567159515,0.03908194459957319,0.024267112667182428,0.011662935274867389,0.027109669412438822,0.027578078729275868,0.08288835510404138,1.88
WGL_078,29.3,6.72,7.97,1,0.08581135815074979,0.05376247638064725,0.07063922060838798,0.03250277192688833,0.03504997758069098,0.0001,0.0474801415836701,0.0001,0.01705143624420022,0.0001,0.050121360727628524,0.06233102027707982,1.94
WGL_352,31.4,5.52,18.9,0,0.025896039134849287,0.0018037480740715345,0.04590483122450037,0.017914342222245614,0.0001,0.03404224653082332,0.05843481286096412,0.03748184780463288,0.013657667889946344,0.04880625537915401,0.06426033059230038,0.07902531552766584,1.84
WGL_064,30.8,6.82,13.58,1,0.06739506246430105,0.021799147973027,0.041256148326753415,0.07499737467646142,0.03891828935525009,0.0001,0.027065917206266582,0.0001,0.0001,0.0001,0.001,0.002487641268693705,2.21
WGL_231,23.7,7.24,18.88,0,0.020579592265563516,0.0354112018023979,0.024351597932433803,0.02358850384838289,0.06655113030300056,0.08686335464428924,0.03417275086385067,0.028572692250596145,0.004030793618647881,0.025512964860340975,0.016763750890956514,0.04028885529750767,2.14
WGL_187,25.7,7.9,3.48,1,0.0664922346671884,0.028650692792581044,0.06608476865179558,0.02465213732618847,0.04317193289025422,0.005957403378475626,0.0001,0.006979089347790314,0.0001,0.018459487929704303,0.07048256346489433,0.016819071611976044,2.64
WGL_303,25.1,7.53,10.73,0,0.012850605959112442,0.06302319489681611,0.016078589742323006,0.0001,0.011213358251831888,0.04944283866634381,0.04312444741242519,0.028235847780576473,0.076581831477369,0.0001,0.07077419125335531,0.07521714542463952,1.51
WGL_200,21.6,7.45,14.62,1,0.09807495213382494,0.03386648253720527,0.0001,0.016834886449664566,0.05533365748554618,0.0010471154949213673,0.04359086058230096,0.0001,0.02317001737443895,0.016378187084885084,0.04624692484477836,0.001,2.54
WGL_307,22.4,7.88,7.43,0,0.0001,0.007341462746473879,0.004926736865878929,0.0001,0.0001,0.0001,0.0206834698926426,0.03889387054702875,0.0637569747180475,0.03506963611358823,0.002046796333573249,0.06581203162573074,1.24
WGL_122,27.7,6.93,6.19,1,0.08801331294596247,0.04916820172686473,0.0001,0.08677554771778566,0.026472205423077773,0.03466014870060012,0.0001,0.0001,0.0001,0.0001,0.06920329342321768,0.001,2.65
WGL_417,29.7,6.57,15.05,0,0.01678301512721214,0.03261367643725337,0.030864788231961805,0.0001,0.053497978181126046,0.0316834545035656,0.03804284401245787,0.04490022679436933,0.01607320531887398,0.031249370874501917,0.018563293241793948,0.01072064922490907,2.3
WGL_388,28.3,6.8,6.92,0,0.10457246881557052,0.04575327156845329,0.03623296809748368,0.018568458445107315,0.06601710131239204,0.01604031956436437,0.0001,0.0060332281827942405,0.026667594204816965,0.014833296344427342,0.07507751992745315,0.07091777721808251,3.48
WGL_159,24.8,6.69,12.88,1,0.054087918064075424,0.04483073734737957,0.06340057165287767,0.05557656254632383,0.03200225051014533,0.0037687846982621676,0.0514007777534548,0.0001,0.03157143805285807,0.0001,0.03839400139981739,0.030723452663692502,2.52
WGL_086,18.9,6.13,10.29,1,0.08925816577396892,0.00857989939168867,0.0431255578202998,0.0889055135428868,0.04302498112384671,0.004451302861501214,0.025412483385867088,0.025310913977177357,0.014139402023692061,0.0001,0.027420809483134898,0.04286314211431798,2.38
WGL_226,31.6,6.53,11.14,0,0.039771959969351844,0.02137421437160471,0.04298478450883539,0.04054440991806943,0.006985315097847068,0.061463103705668,0.021848823325506087,0.02808860381573086,0.08450975386736329,0.02649096716341158,0.051883892216664486,0.009841167245217036,2.37
WGL_263,31.2,7.84,11.18,0,0.0001,0.01648976237846141,0.0001,0.0001,0.009856701310915693,0.032360696487176314,0.03258886345067911,0.0840335936418872,0.022483186973464277,0.050574244150637174,0.022552466807842026,0.08048750277900645,2.34
WGL_361,22.0,6.97,7.32,0,0.0001,0.012607101132904426,0.016281391869515497,0.03798247484298128,0.007351142235881118,0.045440750802619154,0.04449103204105591,0.038492021511698865,0.0238612306272615,0.01692279774249716,0.001,0.03928429235296525,1.8
WGL_077,32.7,6.25,13.17,1,0.06375536343895818,0.0001,0.0450169184208937,0.0523065539629988,0.08924234212511337,0.0001,0.005651935788031218,0.045260926840985,0.0001,0.007441155359666507,0.051937161652672204,0.050377629935266226,2.34
WGL_363,24.3,6.82,15.35,0,0.005579567500923274,0.015922731421099512,0.0011604279440751361,0.0001,0.02390480972995633,0.027282787406584547,0.023500615879228873,0.0001,0.0001,0.01931156655731144,0.0640891366802688,0.06072564096518726,1.68
WGL_342,23.1,7.59,14.02,0,0.023525187396333067,0.0001,0.04197073942496434,0.014543683139588082,0.0001,0.02851832290834361,0.0641191296595894,0.03875272918022989,0.03529683363277898,0.03178409090770667,0.02822877251084196,0.07567928542738636,1.71
WGL_088,30.1,7.18,4.35,1,0.01780775478192131,0.04738614282794272,0.0230043804849826,0.01611835099483084,0.036998319445840866,0.07591799055819604,0.0404481501147049,0.0001,0.01798835331574935,0.025951181687207704,0.001,0.06318758981177659,1.32
WGL_450,30.6,6.67,13.43,0,0.040356298768085046,0.06654477822639875,0.04768143677098648,0.0034401870520031942,0.031302345877180976,0.01564005282781515,0.07867361423269012,0.04309521818922899,0.06605753787248532,0.0001,0.022188528211217036,0.023335359618527965,1.48
WGL_183,31.2,6.79,7.42,1,0.06869679623509202,0.056478635998674795,0.00855853973201727,0.035172815704886826,0.05373264483488402,0.010922570647790312,0.033406214873405504,0.0001,0.0001,0.0001,0.06415647082250525,0.001,2.7
WGL_106,30.9,7.47,13.38,1,0.0001,0.01670970679014054,0.03351688776350955,0.0001,0.04588910200591792,0.03804458455032059,0.04988178462604123,0.02159830275049369,0.018763149108593967,0.03449902249110732,0.05031796481756181,0.049159683037926075,1.17
WGL_050,29.6,7.3,8.18,1,0.0001,0.0001,0.024985057953346455,0.0216514020206532,0.014071223597847281,0.022891770247434304,0.0367467332975194,0.059944073549105,0.00448928852903514,0.030841082858167227,0.08855707658548184,0.0566298496031712,1.47
WGL_006,26.4,6.6,8.1,1,0.0983439334690801,0.08782822973500837,0.05874370941547051,0.05646235359334989,0.05829886968667657,0.011693945334838923,0.008108413462823344,0.0001,0.010603313748748153,0.06849867466565654,0.06607117987761477,0.029736489297194107,2.41
WGL_018,29.3,6.86,10.42,1,0.05517300671894872,0.007441762441970555,0.06480018258666119,0.05476433377524454,0.03708473450175776,0.04405231562544305,0.0001,0.0014933419548159663,0.03765928327031916,0.05794485980495312,0.040252767998995985,0.09038558222803988,2.36
WGL_235,22.3,7.09,10.92,0,0.0001,0.03304732790580576,0.05590707383793102,0.035201368584998574,0.036429809732370685,0.016752651394131114,0.057965867495697876,0.032563100457768154,0.030457243320449624,0.0001,0.0479793291023372,0.017761496089787793,2.26
WGL_358,28.1,6.58,9.8,0,0.06620232250343376,0.02026624571205627,0.02096793198156205,0.08712759616343149,0.04577439007153897,0.00042309502331281876,0.014561556404803385,0.0001,0.0001,0.0026971078597303536,0.001,0.034673890582076386,2.77
WGL_107,28.3,6.15,8.4,1,0.03456105812233376,0.06705248389178368,0.011702745337291307,0.0001,0.03156210291332306,0.0001,0.01833166839839788,0.0001,0.03454279534356004,0.025229467443970647,0.014801689211962968,0.05193478529584014,2.86
WGL_135,30.5,7.89,9.69,1,0.09051947851476355,0.06585474359688807,0.05312332773156586,0.02675557013336026,0.012976654943142086,0.01371212266143916,0.0034416069642926256,0.005545681848765572,0.003956801430892819,0.0001,0.07785179089894399,0.024823318161879174,2.12
WGL_364,29.4,7.59,12.28,0,0.0065383875209624525,0.02289435557409916,0.03849765839563696,0.010843800582064779,0.011094541807784249,0.04761107079566077,0.033630922539309334,0.039411812572979446,0.033248913684893994,0.00494745942504312,0.08237494806177953,0.05753134864205763,1.21
WGL_227,26.6,7.21,13.12,0,0.01180672284235913,0.014405286402816863,0.0001,0.010213428159396845,0.0001,0.04547880753019977,0.0006753781344861071,0.034880992407426266,0.024417974160994477,0.06725166743429387,0.027398668849517915,0.024771601165893463,2.16
WGL_215,23.8,7.23,9.37,1,0.0784315786808243,0.039271007777159354,0.002225785879401178,0.0417258008258668,0.06677471590585701,0.04106197914952431,0.0001,0.0014418321121277763,0.008608750054228788,0.0001,0.09141202069489679,0.04012381082650754,2.66
WGL_191,22.9,7.02,6.68,1,0.049780295177905776,0.06421503216951069,0.04430114733210631,0.0001,0.018209113888439293,0.0001,0.0001,0.0001,0.0001,0.0010835320700172436,0.06820874659370804,0.10228790766338969,2.96
WGL_397,33.8,6.23,1.77,0,0.0834466633669045,0.025946659653452615,0.09252260339044614,0.018236111799259207,0.0284637605047047,0.0001,0.02964403263162075,0.0001,0.0030318904102763205,0.0001,0.02638406706934948,0.067687429038144,2.76
WGL_321,28.1,8.11,11.95,0,0.006968892471917251,0.05819496373899469,0.0001,0.05745298876728035,0.04703106501881005,0.02913830725611397,0.02697802153418504,0.03340184343058514,0.042426650835265346,0.040259900173308605,0.01550936432101117,0.001,1.6
WGL_283,26.4,6.89,5.35,0,0.05765053457897959,0.08983777685933717,0.1049983013069617,0.07236770440887519,0.07088466872623461,0.05192975387631116,0.03938673509037877,0.03900401933892078,0.0001,0.014062501975319601,0.03324603655056468,0.060145390415464337,2.81
WGL_030,25.3,6.83,8.03,1,0.07777820975569617,0.027778360762337927,0.061411490941245095,0.07062907752410419,0.02312414214157585,0.0001,0.028096830879986642,0.04046391535829597,0.007918790145379412,0.0001,0.04800282753139293,0.08574004387023246,1.85
WGL_170,25.7,7.04,8.84,1,0.0818503481493542,0.0072346726953291945,0.024764019773788122,0.03827026623240938,0.0411537585147494,0.039342549955159435,0.022654651419730346,0.026313593421161283,0.010529009733692857,0.043360578205966435,0.02171539735922959,0.037041431121066504,2.0
WGL_181,27.4,7.6,9.24,1,0.08214557698095942,0.06242645365879021,0.0001,0.09264270939017002,0.035680434547070976,0.0001,0.041986183912544175,0.0062060931177013645,0.021135770598675906,0.0001,0.05243104809877032,0.06941068443335496,3.01
WGL_101,30.2,7.56,12.39,1,0.06500229095780974,0.054075307214671395,0.00928219869840572,0.042597798036773174,0.017811115288717552,0.0001,0.04956011554325165,0.006720809117147002,0.057030610005106966,0.008354134448786731,0.027758664102200875,0.0337049033849079,2.81
WGL_198,22.4,6.74,8.4,1,0.09710997759112863,0.004846338072571316,0.039533601616466456,0.04697272902849919,0.07807490863624147,0.004377600849763366,0.015136680928550333,0.003437808007565891,0.037600687706676406,0.03391129571660752,0.026579911528648893,0.05457105224305589,1.99
WGL_210,30.1,6.57,3.13,1,0.07374653957342873,0.05285279713235399,0.08026378575213977,0.11370523650294284,0.047141149845531374,0.045654496598168864,0.03887223551512054,0.018501160966702714,0.03384542766554047,0.022792082336872643,0.08806456432028473,0.009835288749720773,1.69
WGL_136,28.2,6.11,5.49,1,0.0893210247949405,0.031843517857735044,0.041396306389730145,0.00470306972736121,0.008459843327072891,0.0059161986221078385,0.05230379511865383,0.02459963644551845,0.0001,0.024703439650973266,0.06947532479203264,0.0625490665297986,2.13
WGL_422,22.1,8.23,10.74,0,0.0001,0.0001,0.044197790144025986,0.03800881323721038,0.03201918150321503,0.007946705094248122,0.03751631437477573,0.0001,0.0001,0.0438926324337472,0.06515904729070762,0.03290523421942303,0.82
WGL_386,25.2,6.52,12.97,0,0.015248265142616792,0.01645312926379528,0.05925545078386655,0.019580718493661116,0.006862436994439995,0.08266459204073645,0.058895738266159826,0.061923254693190356,0.0637421627346634,0.01688520089053327,0.010822169719552025,0.0889906789775391,0.75
WGL_199,30.7,7.31,13.77,1,0.0001,0.00485294937945957,0.02787602233708662,0.0001,0.0001,0.04617348083785474,0.05512353752617738,0.0013290750537242949,0.04788322048446714,0.01979877923282654,0.055807961070392986,0.017188720346350012,2.15
WGL_167,22.6,8.45,21.29,1,0.014899464102013808,0.05581606706865573,0.015243741654456584,0.06520888529275107,0.028389161205870983,0.04007190136885165,0.02246390550355313,0.022364715023899667,0.06963165409664926,0.05036508189930082,0.05589238436335188,0.02416494922707621,1.98
WGL_347,30.3,7.71,10.24,0,0.0001,0.007942954970260463,0.06425411089166871,0.0001,0.07776870922689003,0.03541802515916644,0.08413981821710798,0.023214189787306973,0.043760333061084476,0.04105679901400611,0.030536986155029144,0.041758440312494365,2.45
WGL_137,28.7,6.34,15.35,1,0.07490205181851008,0.034226391761068266,0.025390226217268698,0.06973833915079505,0.024656429778914274,0.0001,0.0001,0.0001,0.022405106509286808,0.02546986907574855,0.001,0.07240472326180564,1.92
WGL_286,31.3,7.18,8.26,0,0.020962336957072274,0.06405333529879248,0.0001,0.06104721670458767,0.016209014629206757,0.0001,0.043966051309827406,0.08226463958064437,0.05025928258809106,0.05696189670729411,0.052343142556973005,0.001,0.52
WGL_336,27.0,7.02,14.05,0,0.07355821826837876,0.0017115695777966677,0.08314423191362466,0.05262614731996752,0.0001,0.0001,0.002635294991401831,0.015316907731171031,0.031797694262693355,0.006359131423453456,0.024957445404639386,0.01182540911833525,2.54
WGL_132,26.8,6.11,5.1,1,0.07489396422358756,0.0001,0.0001,0.03949329771021648,0.05588214888984744,0.020849298410298978,0.035839700701456485,0.052325563434709774,0.03532782361736922,0.006253770779932121,0.10501961351688976,0.09165203607947273,2.99
WGL_040,28.9,6.82,8.94,1,0.0984870269272232,0.02858447645356869,0.045115071824243694,0.08835834426717398,0.04105714106507675,0.029663836938092776,0.0001,0.060913009609474,0.0001,0.0001,0.008384675646577008,0.08859410599520698,2.74
WGL_216,25.9,6.88,22.35,1,0.009601541134518244,0.04515200443608621,0.06314192607196775,0.03231252606448905,0.03894543004654019,0.052751180841978926,0.06599938621626342,0.049429243899963955,0.04458104232536895,0.033566719876442684,0.025751831796007943,0.027249302876330223,1.39
WGL_044,26.3,7.65,3.42,1,0.06608410984842172,0.0001,0.04303153790368218,0.06622733422693837,0.0007180387383019585,0.001765209332013188,0.04314367302752306,0.009788333297205123,0.0001,0.0001,0.001,0.0631988402537337,2.3
WGL_055,30.6,7.38,4.44,1,0.04020698745456044,0.043257427951701836,0.02993444812045392,0.03749652585320878,0.0358720840127121,0.021258577928318596,0.0001,0.0001,0.05591782484320769,0.0001,0.06109878659416011,0.04203892173349774,2.02
WGL_425,24.5,7.62,10.84,0,0.00832647816944473,0.08145620279524554,0.0001,0.046389007614934086,0.0786906933033981,0.010394575637792523,0.002312705619501851,0.043573107445426654,0.0320350048406413,0.07822145001141653,0.011374016689639173,0.014141812570292213,1.69
WGL_300,28.3,6.87,13.53,0,0.08289464531285998,0.06976970046117681,0.016964386769220782,0.03973128361461277,0.03727813083941034,0.02503074574718349,0.02223461801475926,0.012116555991800502,0.026562260799484053,0.06434881801073715,0.0410405721886408,0.020601001458471133,3.08
WGL_409,26.8,7.0,7.82,0,0.0001,0.03838465097910269,0.03217391512627689,0.0001,0.006509438554670562,0.0571375656406899,0.05838470492013586,0.07584750854450739,0.012658639240132063,0.016331128205455205,0.001,0.07016958989792904,2.36
WGL_305,27.2,6.81,13.31,0,0.009605658346084987,0.04824353668365437,0.011851346102118847,0.0001,0.039837639710570485,0.04332757259293499,0.026591670073577836,0.0561485858380774,0.023343254958142858,0.032751845604140704,0.061510343879322554,0.010768607312705427,1.85
WGL_036,32.7,7.35,12.79,1,0.08042780537521259,0.02945655518085165,0.07285138204716946,0.08961848600799398,0.05545877890458891,0.011393692028876518,0.03702434450487203,0.002722128719940379,0.031113514680234582,0.0001,0.010889023331039655,0.056993346397251246,2.74
WGL_316,28.5,7.14,9.7,0,0.03875434516856986,0.01712263131096697,0.01909883472285607,0.0033423229183236307,0.01050973057352632,0.03206083271224192,0.03905066203987693,0.0001,0.0001,0.013991390143456076,0.02926268768262686,0.022168499823331703,2.04
WGL_310,22.5,7.03,15.15,0,0.0001,0.025350586514329126,0.0001,0.06655770879035894,0.0009831242678862602,0.08765763993633643,0.08561654798815352,0.01100707474607428,0.04380307422453741,0.017090737608198833,0.08229553938202408,0.04814716866975776,2.58
WGL_277,27.2,6.76,10.68,0,0.0001,0.0001,0.027590080965655923,0.01186160316679479,0.04838097391963642,0.0001,0.048404639669386615,0.017489552619941,0.039537420504011614,0.007670070234675856,0.00836393843009084,0.05331444595126225,1.57
WGL_125,26.5,7.23,6.21,1,0.029800048532985186,0.04956296798220693,0.0001,0.07711896412234523,0.09159602776372647,0.025925240911702608,0.0001,0.041297397103911435,0.0027373677474363256,0.029676128586951952,0.023939142398664452,0.09112137839424844,2.88
WGL_143,20.5,6.94,7.31,1,0.08123703168424429,0.10369322547609898,0.025375141718481205,0.048527834164271304,0.020377698336193465,0.0001,0.010052903754395817,0.026838126864137238,0.0001,0.02092047694130024,0.009223321012085707,0.018374198297717494,3.4
WGL_111,26.9,7.78,12.81,1,0.07634871324466151,0.014006242798585995,0.006530549727470816,0.02074608602453616,0.050741236053429346,0.006825599888473364,0.0001,0.0001,0.0001,0.02517127353788067,0.02977150043702037,0.001,2.28
WGL_324,30.2,8.13,21.72,0,0.012668704596599755,0.0554615515093288,0.0001,0.0001,0.007458703763967199,0.048831107694288715,0.004935222728937816,0.03147648430163128,0.036456497575334215,0.029561402262870417,0.04816546390077345,0.07337414764789359,1.57
WGL_333,22.8,7.37,14.33,0,0.0001,0.016511131626307646,0.0001,0.02249604024876236,0.042529153427205646,0.016372266480932044,0.026573233559914065,0.02683033582236725,0.03652086056933361,0.03683084584398702,0.009745541038997666,0.047711143359132,2.05
WGL_434,30.8,7.7,9.48,0,0.006522393594312651,0.0001,0.0001,0.02452841450511583,0.00702531798485723,0.0684070336021625,0.004830926843350916,0.022941413609248965,0.0030795399353697114,0.0001,0.09467621088732736,0.08595387096722298,1.91
WGL_108,24.7,6.2,6.42,1,0.08048966968123807,0.06773894531064564,0.0888217435517382,0.0001,0.038673707965446585,0.0048456435961514764,0.0001,0.014004134663378916,0.004346005038823957,0.0038758309185989367,0.018839063513332137,0.05011188763302189,3.0
WGL_441,29.9,6.9,8.02,0,0.0061990046101149015,0.0001,0.0001,0.05251388399517805,0.0001,0.06210898507563359,0.0475180006037155,0.0024584419351199108,0.011508066732815278,0.05379833858057932,0.002785399130677081,0.001,1.71
WGL_013,24.7,7.59,11.64,1,0.06916786477825318,0.0655428703335883,0.030879207632715525,0.0001,0.0726832927177619,0.009892490066595833,0.020420784164356817,0.0001,0.0001,0.00033715474569472395,0.05065020560825821,0.04109619778615312,2.82
WGL_273,27.6,8.03,14.58,0,0.007973403526524005,0.0001,0.027732337177403178,0.0001,0.0001,0.023098112152490802,0.009517138780863549,0.01731472031511829,0.022964848625076303,0.020287924381097208,0.03519588667959619,0.06109334368177945,1.16
WGL_048,24.8,6.12,9.02,1,0.05614241351653536,0.03046427594081521,0.05258004837102062,0.04099809642359825,0.06848861683054082,0.019628432394231572,0.0001,0.0037574313827005365,0.0001,0.028159282091613596,0.04064399172208596,0.027672387331248334,2.94
WGL_204,27.9,6.75,13.72,1,0.09121773931868891,0.08627616722966797,0.048017854289935186,0.07299389420546853,0.007124769020657198,0.0001,0.03337048823923575,0.004483599312125032,0.0002493483690261984,0.014182654932686103,0.001,0.04287793119125703,2.77
WGL_431,30.7,6.57,15.0,0,0.022117995132826584,0.02693773409952212,0.030239062093435867,0.03862208667535304,0.016168944054063217,0.00107296660544786,0.022895711245692826,0.054572784541345606,0.0001,0.0001,0.043853386107175374,0.004858333923478349,1.19
WGL_120,26.2,7.18,12.62,1,0.021160977806009097,0.0001,0.036592376836294016,0.010827548165466678,0.04990089782344037,0.0725479208697958,0.08392869097952468,0.02961207520810794,0.0001,0.0001,0.02949760647495277,0.001,0.85
WGL_022,26.8,6.94,2.1,1,0.07632897343634895,0.03939568064085195,0.018000084035408717,0.05879887593491415,0.068160451403817,0.0001,0.015736994013649447,0.0001,0.0001,0.013987418014249863,0.05570264677208893,0.023101214238359747,1.71
WGL_084,32.6,7.31,11.97,1,0.05229665752643688,0.11726867955392108,0.04609988603652859,0.06999351398262943,0.012254810805837082,0.010374898050557869,0.0001,0.006003577057078475,0.01238673125941367,0.018395389329664124,0.08187540798855819,0.05442519387756636,2.7
WGL_131,22.6,6.32,7.44,1,0.06015602644383727,0.04861183272630608,0.003859779764953622,0.044685341849255523,0.09600107692489865,0.015721890991670835,0.0001,0.0001,0.02592192946098408,0.024212619613484875,0.03951586228877394,0.034832763948967595,3.11
WGL_330,29.8,6.51,17.98,0,0.026261566456393715,0.03385225312656816,0.050111409206126306,0.013605581504145436,0.017932727965466834,0.06768331090844959,0.016282156192198603,0.02799675190140012,0.026222319928373726,0.02392532682003494,0.03123513795314458,0.001,1.68
WGL_230,20.8,6.48,10.9,0,0.017781937207772706,0.005462020991090237,0.015471498805392146,0.017619851496669166,0.017745507618038482,0.06891609174014451,0.02237717216250197,0.03970974147420497,0.0001,0.058343800241814486,0.0609776612011087,0.06858256320424293,1.75
WGL_442,19.7,7.25,15.94,0,0.0053478893795124065,0.02411644639503527,0.0001,0.056466883127012396,0.03402891487010788,0.00509708079973159,0.026100837063301907,0.06410801780568826,0.030329211311130828,0.0001,0.0271355294716549,0.023805106408659373,0.34
WGL_287,25.6,6.96,17.02,0,0.0001,0.0001,0.06866775257063162,0.0001,0.005713128354884481,0.0424443401395805,0.0001,0.08348410232485828,0.029800541946081102,0.03207923201234487,0.07137521698488514,0.046400505013580756,1.66
WGL_124,33.6,7.15,11.97,1,0.08584129921034414,0.06461911995332269,0.05581270382946334,0.03139936270146956,0.027550968386903095,0.019718447143329387,0.054458496641389076,0.031070474797798023,0.05179229580321973,0.0001,0.04748042071404725,0.05152361739979183,2.8
WGL_034,28.3,7.2,17.0,1,0.0001,0.021802572639337055,0.0001,0.0001,0.038463467279010476,0.05422632854888027,0.0001,0.006950018960290669,0.03929960825041537,0.05675580111482337,0.020021190348345083,0.03448569638862738,0.99
WGL_423,26.1,6.72,9.1,0,0.036235743822403445,0.047852991172262736,0.007521775908487325,0.015619404139130627,0.010812014486682297,0.053330570788176955,0.01991356582862063,0.0001,0.02225690698592358,0.0001,0.029350878955548866,0.001,2.06
WGL_005,23.0,5.82,11.03,1,0.08628717517850115,0.0001,0.08290143584765292,0.05060756523209253,0.04562007000900571,0.038045956107129304,0.02516221053497377,0.0026279435007637054,0.027757541375419997,0.047879075626196796,0.036483847334961336,0.017854965705084883,2.78
WGL_020,28.9,7.42,8.46,1,0.0001,0.03669193549095198,0.02048267479136873,0.0001,0.055130029800022184,0.059383225262762344,0.03597614459735912,0.028493401933078116,0.037786494709812594,0.012824768915243246,0.001,0.04967553269976377,0.98
WGL_220,32.2,7.02,6.29,1,0.0919627790485617,0.0680731553648552,0.0001,0.02149411980970272,0.06800827449860022,0.034605162325542796,0.0001,0.01216050722051942,0.0338597079118242,0.020707692710198462,0.009213787136231312,0.03486881856081944,2.87
WGL_380,29.1,6.05,13.11,0,0.016845048118043614,0.027163116527751448,0.0001,0.012127893905482997,0.0001,0.07410071620740233,0.025099029458604455,0.031140569875424205,0.02701640606588067,0.024278862467432636,0.09005975511353975,0.08291193442329509,1.88
WGL_447,29.8,7.35,12.52,0,0.0001,0.04297929714618427,0.020283863367800553,0.05543800880039004,0.0075259330449664215,0.012081877441508206,0.05511579718894934,0.03178740929660056,0.05011095022924299,0.04320968170147659,0.021834010289623017,0.001,1.47
WGL_357,26.1,7.37,9.95,0,0.0001,0.014957668194600798,0.05185388749047666,0.0001,0.0001,0.0050443888865653735,0.020602951097815243,0.03786869348141176,0.027529901344984953,0.006632775747612382,0.04800851337407572,0.002652660034346027,1.51
WGL_150,35.4,6.76,14.95,1,0.011257118123947581,0.01594928729593486,0.06775107019592708,0.046732436116224144,0.04369325361238288,0.03169942607904732,0.023878039421449917,0.0454155524525994,0.0279473667928075,0.018783402490065725,0.06386101446319815,0.007649616105399444,1.4
WGL_225,24.1,6.49,16.65,1,0.0988131026431545,0.13387533950031802,0.04615957627125507,0.028654964329790655,0.038491100312996386,0.04811190889510121,0.0001,0.018865546260224096,0.04052678033389022,0.0001,0.048908006057492535,0.001,2.61
WGL_248,31.6,7.75,8.93,0,0.0001,0.0001,0.02162848394791889,0.0001,0.0001,0.0001,0.02520337298246807,0.05140187189149811,0.008802203388394811,0.014879253316387182,0.024713698331461816,0.046488585577485544,0.93
WGL_398,25.4,6.71,9.31,0,0.06744500613234786,0.04120796760447166,0.02853488292110868,0.04790940420282885,0.048959689082217824,0.04864236054295783,0.024295925053259927,0.0001,0.026345455501314438,0.035152660926162524,0.023709299985777695,0.024213040500173463,1.72
WGL_152,23.6,6.27,11.72,1,0.04233300176262557,0.0001,0.004516323456184704,0.051470497534291615,0.05563652936509023,0.0001,0.033478994111246003,0.02381186138073857,0.04607615927814547,0.03944263158960951,0.02400177944989414,0.05066213272091356,2.6
WGL_318,26.1,7.19,9.53,0,0.04014708634967795,0.029929712929757497,0.011786782247446672,0.010355153555010677,0.023256345381524754,0.06664414135338981,0.027850651840546983,0.012324161734747183,0.039040010506492806,0.026193585119076736,0.001,0.03531029923468971,1.53
WGL_292,30.4,7.17,8.69,0,0.0001,0.04081534829638742,0.0001,0.0001,0.041172267601072066,0.04825405584134212,0.06108107286314769,0.05966111988986578,0.04475569382628451,0.039764836372860525,0.04159759401243828,0.016436168868612926,0.64
WGL_234,22.7,7.54,19.39,0,0.02772502220687661,0.02576353573288945,0.0001,0.037329332578989016,0.03939904216866994,0.07569052595857186,0.018732019289703757,0.029294604360551823,0.019071568372896114,0.023415827476876226,0.001,0.02616879415943451,1.49
WGL_011,25.2,6.43,10.66,1,0.048666871394452145,0.0001,0.0001,0.049377187713248484,0.017953405202754378,0.02364451644679051,0.03848377032123578,0.030989101050246357,0.0001,0.01843310238106035,0.031642363548137514,0.001,2.86
WGL_280,25.7,6.79,16.33,0,0.02971861209938801,0.014358069009590062,0.011202501934152382,0.037624881018356704,0.014995334931766868,0.08906788655718964,0.0001,0.0001,0.0033350254574580074,0.04070414732414795,0.06192092382159396,0.024469047820820163,1.69
WGL_072,27.5,7.35,13.42,1,0.002199727177896982,0.03257767790290668,0.051606010746175865,0.0013863650031083093,0.018247991149776346,0.04151745086857934,0.0733437318794628,0.06198343502083187,0.013748798097269678,0.03180886286252169,0.001,0.01103528386742592,1.71
WGL_253,23.1,6.53,19.75,0,0.015407896742226668,0.0001,0.011989964055624355,0.010911706049696763,0.038649287374103114,0.05286422225062775,0.031175215635986155,0.06567755024529372,0.0283657411796187,0.011036104247157032,0.08501500336985553,0.001,1.07
WGL_093,28.3,6.65,9.33,1,0.07564389250620024,0.039266553625087894,0.03443536055724509,0.03533041706435089,0.026184383430756953,0.015221703794994237,0.0001,0.009654998177068268,0.0001,0.0001,0.04094942741482578,0.05101509572971555,1.63
WGL_350,25.5,7.86,7.39,0,0.033960726549254576,0.02983817215923601,0.06074015809012317,0.0001,0.06118802083907346,0.0387205120374803,0.05938639169488896,0.015319568260328504,0.006944275918266435,0.06064508246330025,0.05615764036403953,0.058385477857277296,2.07
WGL_375,26.5,6.16,14.02,0,0.009338617024690316,0.009743539419822318,0.001084501910226951,0.0001,0.003967987814628635,0.029413176596672704,0.03159834686950628,0.02070548028649527,0.05885478926979205,0.0722055399456102,0.015438683759736643,0.024653907192734636,1.46
WGL_401,25.7,8.36,18.01,0,0.018662719296221986,0.01601604743763185,0.0001,0.013424511705003243,0.053429580138987354,0.0410590386542624,0.041951298393971,0.0001,0.05671644441506586,0.04247930806297394,0.001,0.08074658983918692,2.82
WGL_193,31.6,7.12,1.82,1,0.0681823778406972,0.01765047832787908,0.07338369176722777,0.03777845515332622,0.060262443141010195,0.0326522993722346,0.024507532237561986,0.0001,0.0011471648619461074,0.011370827066512714,0.0472270346395591,0.03933438888716345,2.76
WGL_258,29.2,7.49,20.73,0,0.005630404452914252,0.011923743827091379,0.09785435821005317,0.0001,0.030545258340359045,0.02819644293361855,0.07702391162293329,0.025983357474893064,0.02097443384044462,0.01981330771675413,0.06132247568745239,0.006969899369769793,0.91
WGL_340,27.5,6.9,17.57,0,0.00017146435850517484,0.0001,0.048043102569008816,0.030001054102943767,0.017541290372831447,0.015779889793901568,0.040817247116405136,0.04474171105857111,0.04824204460299926,0.012650250795025016,0.05462878963064609,0.001,1.73
WGL_439,24.5,7.09,18.24,0,0.0001,0.09277727606622685,0.014266966712667459,0.009070606603867383,0.0001,0.046185487689622565,0.10650171638631625,0.03382710949745672,0.03530350503477767,0.005698354475948967,0.041392156186464586,0.055587037577656,0.88
WGL_196,26.7,6.72,14.79,1,0.015815870110008276,0.0001,0.0001,0.04994745524965055,0.05338310725026539,0.05773562563602444,0.06208795524061249,0.07538923774558734,0.03641694402546468,0.06683308579172509,0.03165150989483528,0.010432308946731809,1.65
WGL_344,23.6,7.35,7.39,0,0.014767226041524546,0.035517853157309244,0.0599858594354307,0.01580939700753055,0.02694963205507634,0.03661071623329931,0.015667993090261054,0.07611110392242687,0.04161414962879722,0.06587649524082936,0.06512866349412862,0.0024118367807994118,1.39
WGL_138,25.8,7.6,12.46,1,0.07007384540981274,0.04666001105557451,0.031497302165849006,0.04914539947484452,0.0944280430140706,0.0001,0.0001,0.035533688877699386,0.015206723348964814,0.0001,0.011731226433385526,0.01730446560146761,2.38
WGL_261,24.1,7.51,15.05,0,0.018095924404424885,0.011815749709625217,0.014353152742729513,0.0001,0.004597014335272938,0.10762638649789935,0.05553865403246039,0.005737837814124746,0.0053108678401398365,0.04187757675326415,0.07346066308954283,0.05124764390509518,2.11
WGL_039,26.5,7.56,7.84,1,0.08298977270799157,0.013103609181628027,0.060935023195836796,0.0691843211130182,0.029557330730340593,0.035096531979385656,0.005597411849528877,0.0001,0.031205734156915767,0.041654380197273244,0.04757784378651943,0.036523106976866046,1.99
WGL_202,22.3,6.89,8.23,1,0.082127311883656,0.047096636248078305,0.1004081124824518,0.0001,0.0001,0.0001,0.010541408561119025,0.0001,0.0001,0.0001,0.001,0.011505076780688524,3.18
WGL_419,21.4,8.57,9.34,0,0.0001,0.014137792644729167,0.021382285226377317,0.002371902432777649,0.02359185251003624,0.05730251535837289,0.008680881452288715,0.039843332127259906,0.035382232623055794,0.045217619593693026,0.028264839853598858,0.03722826323707118,1.63
WGL_291,25.8,7.13,10.79,0,0.02558007494725946,0.02459084644878356,0.009690232095827337,0.0001,0.04922546492586428,0.05255087115634893,0.07893025333913808,0.06517746598536683,0.007506356263042215,0.0001,0.08682052909810072,0.054390997500633656,1.59
WGL_190,26.7,6.27,7.25,1,0.08364546973948025,0.03878204772763539,0.020973065311599228,0.06087961164319046,0.059122683988183794,0.006369460193973942,0.016413338141057294,0.0001,0.0001,0.0029457563994638985,0.001,0.04918817182459653,2.56
WGL_252,26.0,8.4,17.58,0,0.02005881291945913,0.014947042699136635,0.0001,0.0001,0.007711064196249843,0.04251524772907544,0.02919820347762759,0.0356023792271768,0.047296548794822604,0.010028354393238337,0.02456223799293359,0.008228810709794351,2.26
WGL_113,20.6,7.07,12.11,1,0.07180554610281013,0.06330880018974183,0.004003095105845032,0.01818305202775393,0.07188571364181578,0.040960254369423105,0.008137922685866167,0.03822736277314365,0.0355635672437727,0.029015774070198334,0.09319257924695275,0.058548152910496656,2.07
WGL_184,27.8,7.5,9.77,1,0.0001,0.015329507163611034,0.024566573895587664,0.004079068906915017,0.0001,0.062330449418130596,0.03894791655148238,0.02437689792891546,0.0527191609704285,0.02924114346983141,0.018844346467235075,0.06561656790007078,1.52
WGL_153,29.7,7.0,9.9,1,0.12062138708391429,0.07507789518042152,0.08115958317672411,0.0001,0.026071601464015028,0.03648706623857678,0.013232776188717777,0.022216625871753166,0.03362044090991172,0.0001,0.020006197162471682,0.038032182582236534,2.45
WGL_313,25.7,6.86,15.55,0,0.004472948525996177,0.008423714261616668,0.002339642184862375,0.05989878784676542,0.0001,0.039754026174025084,0.05260109408047052,0.04946659845567313,0.03409451568533204,0.0055017794932847065,0.07786466409940997,0.022638027956463292,2.26
WGL_326,25.5,7.16,7.93,0,0.06231394056727698,0.056733829785704244,0.028329480618907166,0.04718631650854205,0.06456639531966375,0.03614907732662275,0.0001,0.0001,0.02295024923471315,0.007701840098305283,0.017336881167654316,0.05799210246756698,2.64
WGL_192,24.0,7.01,13.13,1,0.0001,0.017991844025152012,0.0001,0.09443444480833506,0.003247616555338329,0.05308785071619463,0.016897726527753922,0.003361469468043693,0.02487281258223504,0.01735978018286375,0.024943598024453558,0.034015931515358554,2.05
WGL_045,24.4,7.3,9.9,1,0.05299404917524818,0.04030190578929807,0.04801353441227018,0.0001,0.046628772068416216,0.006284080316980245,0.051978352351754895,0.050078543885856724,0.0001,0.0001,0.044476518009850585,0.05610410924807825,2.56
WGL_276,26.2,6.31,12.03,0,0.012601533044652858,0.03756712829907692,0.033794269544178496,0.030923811465492983,0.0001,0.0001,0.026129746436542665,0.06886743332836125,0.0001,0.051902214844609385,0.001,0.001,1.74
WGL_007,26.0,6.67,5.35,1,0.07996094448783132,0.05848018434023647,0.05065763090790481,0.04108681329318262,0.022475046661337816,0.0001,0.0001,0.005395899833580871,0.0001,0.030913788901494106,0.05440823017724793,0.05462878503041296,2.21
WGL_251,28.7,7.59,16.87,0,0.027530891983465755,0.0001,0.0001,0.0001,0.02241512117919782,0.053848167240928634,0.04775634763356922,0.06668970348193981,0.05491494289986537,0.024559342112809756,0.02127947131880575,0.029900490026071043,2.85
WGL_312,29.8,7.18,14.02,0,0.009381727459791267,0.0001,0.024480049281302967,0.019237940423734015,0.04161134757241419,0.05472107815533077,0.07191468432375113,0.04805946784776634,0.002758291258433885,0.04867334193965407,0.0031209262028887297,0.017675937094257785,1.72
WGL_076,25.8,6.93,11.67,1,0.05198274378424027,0.07606629049342274,0.048558900029323795,0.0759053793637443,0.07289661063540889,0.020519768091346115,0.022143706658515876,0.0001,0.0001,0.0001,0.02955972628826469,0.0679971700667911,1.89
WGL_001,26.0,8.1,13.47,1,0.06961646476411881,0.015604317532224495,0.013876321277983389,0.08077314572411104,0.019960158485715255,0.02807670751136851,0.07241830871954927,0.030921698130645013,0.02364406025057616,0.029625794823778355,0.04064172024758951,0.062463432268695704,1.66
WGL_429,28.0,8.21,10.35,0,0.008229599771462103,0.05154142844905525,0.0001,0.030933830231294354,0.015167872119563667,0.023097186689336364,0.02879207994851487,0.0509797269716447,0.03048049127544739,0.026901005739986914,0.05084862170714216,0.03050410614772767,1.14
WGL_392,27.7,7.03,23.58,0,0.031265391691331454,0.0001,0.04152207953825514,0.03411029470533993,0.009431754639836814,0.031752603777728004,0.03557722210738282,0.010905397795321861,0.039064108772024625,0.017669716431550454,0.0371662552259507,0.029335091250679513,1.34
WGL_384,24.6,6.38,17.33,0,0.0004905775185866969,0.0001,0.03975545043510839,0.06798235975014143,0.0001,0.03843178469229225,0.01743532736056041,0.05762963138419509,0.03770842358614558,0.03267685213299437,0.01519193423142923,0.08365128119619415,1.54
WGL_069,26.6,7.05,9.99,1,0.06562053797028128,0.03781985469299943,0.011362087745889433,0.0001,0.06785611555775659,0.0001,0.0042936133625698664,0.056158813165028076,0.0001,0.03377736802931178,0.02920629905869466,0.021473589806380984,2.71
WGL_168,23.2,7.06,7.0,1,0.0893010235901419,0.020131119920142226,0.0001,0.000995150780217391,0.03864499103811213,0.01977358463239618,0.018506962303615548,0.0001,0.03169747953077578,0.0001,0.033372055473117904,0.06940073492282761,2.54
WGL_393,29.0,8.26,20.86,0,0.013942178268277419,0.0001,0.004558547085386298,0.0001,0.0016132634842061996,0.041769996774737646,0.10205065105971009,0.063269153503522,0.011578757595900466,0.08711466766997389,0.03408355962415114,0.05302610026165328,0.75
WGL_219,25.2,6.99,21.98,1,0.0001,0.017557880613957477,0.0001,0.01972870385491476,0.043572997150926204,0.08359887589254894,0.039770310985940326,0.0001,0.07913851117200513,0.026600033036787176,0.043882766532803374,0.03046727272555389,1.61
WGL_043,31.5,7.21,9.5,1,0.06742589690535777,0.059894970619207906,0.05600129571561539,0.07819463307816617,0.030734471837671275,0.0001,0.015019445726578,0.02933144670429498,0.0001,0.04644049648910445,0.047177159683911965,0.012298572359386181,2.88
WGL_367,29.7,7.16,15.17,0,0.0001,0.0032610783096744707,0.0001,0.010063936233555212,0.010726028135359285,0.04274293607153961,0.07440589514826175,0.03820047759737846,0.016661659607153195,0.013762906990110145,0.05726132536350577,0.004699655511192002,2.1
WGL_346,21.8,7.67,2.48,0,0.021044445894252677,0.0001,0.035797139620220055,0.06774590175162863,0.014964375332740403,0.057581382906313955,0.06981213749260518,0.0001,0.0001,0.030443869361992067,0.007125089618030059,0.0277524248507109,3.07
WGL_073,24.1,7.21,3.64,1,0.06334258744966714,0.050122713910655765,0.05334995513766169,0.020293029994987517,0.06827928657839938,0.001102586993721134,0.032999593600966236,0.0255634528016595,0.03313562506141715,0.0001,0.04112416516791467,0.08973268366667606,3.14
WGL_024,28.2,6.84,9.48,1,0.0891803782495332,0.020218741719767258,0.03195957882368906,0.0001,0.06718678363979413,0.012960448023379902,0.022245553428298176,0.05056207875672385,0.03898864613634806,0.010499963924532953,0.06363056024839214,0.001,2.77
WGL_399,25.2,7.98,9.99,0,0.015019181421938855,0.022597850839050613,0.0001,0.058555770184647846,0.0001,0.0435022161122883,0.03674239928028486,0.013985381095498697,0.01289445445116423,0.025792947844416405,0.05097216797420255,0.05331016568293756,1.96
WGL_186,24.5,7.06,5.71,1,0.09227122131825466,0.058337368095688485,0.0001,0.0001,0.016267409613426514,0.02203529829062005,0.0001,0.0001,0.026994232682972907,0.0001,0.048372798681773355,0.001,2.99
WGL_349,33.5,7.4,10.62,0,0.0001,0.09081079937915301,0.015649026666243588,0.013209809681257373,0.042407861792462836,0.0839184835574529,0.01656578884863427,0.012023201006167699,0.03719616692713036,0.039358710787669185,0.04935672569893222,0.026433541700579037,1.37
WGL_104,26.8,7.51,8.93,1,0.08050120311704308,0.0001,0.05446177905295276,0.047733698870130487,0.07662619617255573,0.0001,0.010549381363824441,0.008782826395818961,0.013904897060745457,0.0001,0.04594455169744216,0.06066394294134177,2.61
WGL_408,23.3,7.66,16.55,0,0.02873279977135166,0.04235828300936751,0.049470627164016796,0.005282831129088119,0.020208167029016833,0.053111250559264495,0.012687217769606855,0.004205175953510082,0.017537019579578796,0.0533573290537868,0.06141560504416909,0.002422119903696139,1.42
WGL_212,23.5,6.7,8.85,1,0.11238286785873616,0.04609839615980738,0.06709947418930276,0.03773650098782741,0.055256624738296636,0.0001,0.011648209418504122,0.0001,0.0001,0.021037896689566814,0.07310157795347666,0.056206973045062614,2.5
WGL_068,23.4,7.56,18.77,1,0.0338494817667568,0.0021972730511815655,0.014175001224509823,0.05787164699672637,0.01719885971779282,0.06396686015585742,0.017689444987643747,0.06958423699521538,0.05768119698789058,0.04160113805647483,0.01604392269068572,0.035208685644611874,1.78
WGL_026,28.5,5.52,7.01,1,0.050091666572922494,0.05325478370767519,0.019385019857481207,0.006544970256369208,0.027385064782659105,0.0001,0.00967190641514273,0.0001,0.002564524080597626,0.0001,0.06736788702557425,0.03673438954462007,2.81
WGL_197,27.5,6.29,11.32,1,0.09989198690668948,0.05603493832922101,0.04140828059910183,0.04025526884844821,0.0001,0.025233462129264056,0.03805176608937536,0.03318878438199553,0.009265408157052495,0.010659143725389723,0.046056578390033416,0.08727616621195428,1.8
WGL_176,29.5,6.06,15.05,1,0.06174592895592186,0.05197126364538559,0.026916716927012294,0.024760147800232547,0.01562527917198426,0.026207551576497054,0.0001,0.0001,0.0001,0.010728214705272682,0.001,0.062304535839593986,2.29
